"","Y","id","rev","rev_$100Mto$500M","rev_$10B+","rev_$10Mto$50M","rev_$1Bto$10B","rev_$1Mto$10M","rev_$500Mto$1B","rev_$50Mto$100M","rev_Lessthan$1M","rev_NA"
"1",1,1,"$100Mto$500M",1,0,0,0,0,0,0,0,0
"2",1,2,"$10Mto$50M",0,0,1,0,0,0,0,0,0
"3",1,3,"$1Mto$10M",0,0,0,0,1,0,0,0,0
"4",1,4,"$50Mto$100M",0,0,0,0,0,0,1,0,0
"5",1,5,"Lessthan$1M",0,0,0,0,0,0,0,1,0
"6",1,6,"$100Mto$500M",1,0,0,0,0,0,0,0,0
"7",1,7,"$10Mto$50M",0,0,1,0,0,0,0,0,0
"8",1,8,"$10B+",0,1,0,0,0,0,0,0,0
"9",1,9,"$100Mto$500M",1,0,0,0,0,0,0,0,0
"10",1,10,"$1Bto$10B",0,0,0,1,0,0,0,0,0
"11",1,11,"$1Bto$10B",0,0,0,1,0,0,0,0,0
"12",1,12,"$10Mto$50M",0,0,1,0,0,0,0,0,0
"13",1,13,"$100Mto$500M",1,0,0,0,0,0,0,0,0
"14",1,14,"$10Mto$50M",0,0,1,0,0,0,0,0,0
"15",1,15,"$500Mto$1B",0,0,0,0,0,1,0,0,0
"16",1,16,"$50Mto$100M",0,0,0,0,0,0,1,0,0
"17",1,17,"$100Mto$500M",1,0,0,0,0,0,0,0,0
"18",1,18,"$10Mto$50M",0,0,1,0,0,0,0,0,0
"19",1,19,"$100Mto$500M",1,0,0,0,0,0,0,0,0
"20",1,20,"$100Mto$500M",1,0,0,0,0,0,0,0,0
"21",1,21,"$10Mto$50M",0,0,1,0,0,0,0,0,0
"22",1,22,"$1Bto$10B",0,0,0,1,0,0,0,0,0
"23",1,23,"$10Mto$50M",0,0,1,0,0,0,0,0,0
"24",1,24,"$10Mto$50M",0,0,1,0,0,0,0,0,0
"25",1,25,"$10Mto$50M",0,0,1,0,0,0,0,0,0
"26",1,26,"$1Mto$10M",0,0,0,0,1,0,0,0,0
"27",1,27,"$500Mto$1B",0,0,0,0,0,1,0,0,0
"28",1,28,"$100Mto$500M",1,0,0,0,0,0,0,0,0
"29",1,29,"$10Mto$50M",0,0,1,0,0,0,0,0,0
"30",1,30,"$1Mto$10M",0,0,0,0,1,0,0,0,0
"31",1,31,"$100Mto$500M",1,0,0,0,0,0,0,0,0
"32",1,32,"$10Mto$50M",0,0,1,0,0,0,0,0,0
"33",1,33,"$10Mto$50M",0,0,1,0,0,0,0,0,0
"34",1,34,"$500Mto$1B",0,0,0,0,0,1,0,0,0
"35",1,35,"$10Mto$50M",0,0,1,0,0,0,0,0,0
"36",1,36,"$100Mto$500M",1,0,0,0,0,0,0,0,0
"37",1,37,"$50Mto$100M",0,0,0,0,0,0,1,0,0
"38",1,38,"$10Mto$50M",0,0,1,0,0,0,0,0,0
"39",1,39,"$1Mto$10M",0,0,0,0,1,0,0,0,0
"40",1,40,"$1Bto$10B",0,0,0,1,0,0,0,0,0
"41",1,41,"$1Mto$10M",0,0,0,0,1,0,0,0,0
"42",1,42,"$100Mto$500M",1,0,0,0,0,0,0,0,0
"43",1,43,"$50Mto$100M",0,0,0,0,0,0,1,0,0
"44",1,44,"$1Mto$10M",0,0,0,0,1,0,0,0,0
"45",1,45,"$100Mto$500M",1,0,0,0,0,0,0,0,0
"46",1,46,"Lessthan$1M",0,0,0,0,0,0,0,1,0
"47",1,47,"$100Mto$500M",1,0,0,0,0,0,0,0,0
"48",1,48,"$100Mto$500M",1,0,0,0,0,0,0,0,0
"49",1,49,"Lessthan$1M",0,0,0,0,0,0,0,1,0
"50",1,50,"$10Mto$50M",0,0,1,0,0,0,0,0,0
"51",1,51,"$1Mto$10M",0,0,0,0,1,0,0,0,0
"52",1,52,"$1Mto$10M",0,0,0,0,1,0,0,0,0
"53",1,53,"$50Mto$100M",0,0,0,0,0,0,1,0,0
"54",1,54,"$10Mto$50M",0,0,1,0,0,0,0,0,0
"55",1,55,"$10Mto$50M",0,0,1,0,0,0,0,0,0
"56",1,56,"$1Mto$10M",0,0,0,0,1,0,0,0,0
"57",1,57,"$100Mto$500M",1,0,0,0,0,0,0,0,0
"58",1,58,"$100Mto$500M",1,0,0,0,0,0,0,0,0
"59",1,59,"$1Mto$10M",0,0,0,0,1,0,0,0,0
"60",1,60,"$10Mto$50M",0,0,1,0,0,0,0,0,0
"61",1,61,"$1Mto$10M",0,0,0,0,1,0,0,0,0
"62",1,62,"$1Mto$10M",0,0,0,0,1,0,0,0,0
"63",1,63,"$100Mto$500M",1,0,0,0,0,0,0,0,0
"64",1,64,"$1Mto$10M",0,0,0,0,1,0,0,0,0
"65",1,65,"$100Mto$500M",1,0,0,0,0,0,0,0,0
"66",1,66,"$100Mto$500M",1,0,0,0,0,0,0,0,0
"67",1,67,"$10Mto$50M",0,0,1,0,0,0,0,0,0
"68",1,68,"$100Mto$500M",1,0,0,0,0,0,0,0,0
"69",1,69,"$1Mto$10M",0,0,0,0,1,0,0,0,0
"70",1,70,"$100Mto$500M",1,0,0,0,0,0,0,0,0
"71",1,71,"$100Mto$500M",1,0,0,0,0,0,0,0,0
"72",1,72,"$1Mto$10M",0,0,0,0,1,0,0,0,0
"73",1,73,"$1Mto$10M",0,0,0,0,1,0,0,0,0
"74",1,74,"$1Mto$10M",0,0,0,0,1,0,0,0,0
"75",1,75,"$100Mto$500M",1,0,0,0,0,0,0,0,0
"76",1,76,"$1Mto$10M",0,0,0,0,1,0,0,0,0
"77",1,77,"$1Mto$10M",0,0,0,0,1,0,0,0,0
"78",1,78,"$1Mto$10M",0,0,0,0,1,0,0,0,0
"79",1,79,"$50Mto$100M",0,0,0,0,0,0,1,0,0
"80",1,80,"$100Mto$500M",1,0,0,0,0,0,0,0,0
"81",1,81,"$50Mto$100M",0,0,0,0,0,0,1,0,0
"82",1,82,"Lessthan$1M",0,0,0,0,0,0,0,1,0
"83",1,83,"$500Mto$1B",0,0,0,0,0,1,0,0,0
"84",1,84,"$1Mto$10M",0,0,0,0,1,0,0,0,0
"85",1,85,"Lessthan$1M",0,0,0,0,0,0,0,1,0
"86",1,86,"Lessthan$1M",0,0,0,0,0,0,0,1,0
"87",1,87,"$1Mto$10M",0,0,0,0,1,0,0,0,0
"88",1,88,"Lessthan$1M",0,0,0,0,0,0,0,1,0
"89",1,89,"$10Mto$50M",0,0,1,0,0,0,0,0,0
"90",1,90,"$1Mto$10M",0,0,0,0,1,0,0,0,0
"91",1,91,"$1Mto$10M",0,0,0,0,1,0,0,0,0
"92",1,92,"$1Mto$10M",0,0,0,0,1,0,0,0,0
"93",1,93,"$1Mto$10M",0,0,0,0,1,0,0,0,0
"94",1,94,"$1Mto$10M",0,0,0,0,1,0,0,0,0
"95",1,95,"$10Mto$50M",0,0,1,0,0,0,0,0,0
"96",1,96,"$1Mto$10M",0,0,0,0,1,0,0,0,0
"97",1,97,"$100Mto$500M",1,0,0,0,0,0,0,0,0
"98",1,98,"$10Mto$50M",0,0,1,0,0,0,0,0,0
"99",1,99,"$1Mto$10M",0,0,0,0,1,0,0,0,0
"100",1,100,"$10Mto$50M",0,0,1,0,0,0,0,0,0
"101",1,101,"$1Mto$10M",0,0,0,0,1,0,0,0,0
"102",1,102,"$1Bto$10B",0,0,0,1,0,0,0,0,0
"103",1,103,"$1Mto$10M",0,0,0,0,1,0,0,0,0
"104",1,104,"$50Mto$100M",0,0,0,0,0,0,1,0,0
"105",1,105,"$1Mto$10M",0,0,0,0,1,0,0,0,0
"106",1,106,"$10Mto$50M",0,0,1,0,0,0,0,0,0
"107",1,107,"$1Mto$10M",0,0,0,0,1,0,0,0,0
"108",1,108,"$1Mto$10M",0,0,0,0,1,0,0,0,0
"109",1,109,"$1Mto$10M",0,0,0,0,1,0,0,0,0
"110",1,110,"$1Mto$10M",0,0,0,0,1,0,0,0,0
"111",1,111,"$10Mto$50M",0,0,1,0,0,0,0,0,0
"112",1,112,"$1Mto$10M",0,0,0,0,1,0,0,0,0
"113",1,113,"$10Mto$50M",0,0,1,0,0,0,0,0,0
"114",1,114,"Lessthan$1M",0,0,0,0,0,0,0,1,0
"115",1,115,"$10Mto$50M",0,0,1,0,0,0,0,0,0
"116",1,116,"$10Mto$50M",0,0,1,0,0,0,0,0,0
"117",1,117,"$1Mto$10M",0,0,0,0,1,0,0,0,0
"118",1,118,"$50Mto$100M",0,0,0,0,0,0,1,0,0
"119",1,119,"$1Mto$10M",0,0,0,0,1,0,0,0,0
"120",1,120,"Lessthan$1M",0,0,0,0,0,0,0,1,0
"121",1,121,"$1Mto$10M",0,0,0,0,1,0,0,0,0
"122",1,122,"$1Mto$10M",0,0,0,0,1,0,0,0,0
"123",1,123,"Lessthan$1M",0,0,0,0,0,0,0,1,0
"124",1,124,"$1Mto$10M",0,0,0,0,1,0,0,0,0
"125",1,125,"$10Mto$50M",0,0,1,0,0,0,0,0,0
"126",1,126,"$1Mto$10M",0,0,0,0,1,0,0,0,0
"127",1,127,"$10Mto$50M",0,0,1,0,0,0,0,0,0
"128",1,128,"$10Mto$50M",0,0,1,0,0,0,0,0,0
"129",1,129,"Lessthan$1M",0,0,0,0,0,0,0,1,0
"130",1,130,"$1Mto$10M",0,0,0,0,1,0,0,0,0
"131",1,131,"$1Mto$10M",0,0,0,0,1,0,0,0,0
"132",1,132,"$10B+",0,1,0,0,0,0,0,0,0
"133",1,133,"$1Mto$10M",0,0,0,0,1,0,0,0,0
"134",1,134,"$10Mto$50M",0,0,1,0,0,0,0,0,0
"135",1,135,"$1Mto$10M",0,0,0,0,1,0,0,0,0
"136",1,136,"$10Mto$50M",0,0,1,0,0,0,0,0,0
"137",1,137,"$1Bto$10B",0,0,0,1,0,0,0,0,0
"138",1,138,"$100Mto$500M",1,0,0,0,0,0,0,0,0
"139",1,139,"$10Mto$50M",0,0,1,0,0,0,0,0,0
"140",1,140,"$10Mto$50M",0,0,1,0,0,0,0,0,0
"141",1,141,"$100Mto$500M",1,0,0,0,0,0,0,0,0
"142",1,142,"$1Mto$10M",0,0,0,0,1,0,0,0,0
"143",1,143,"$10Mto$50M",0,0,1,0,0,0,0,0,0
"144",1,144,"$10Mto$50M",0,0,1,0,0,0,0,0,0
"145",1,145,"$100Mto$500M",1,0,0,0,0,0,0,0,0
"146",1,146,"$10Mto$50M",0,0,1,0,0,0,0,0,0
"147",1,147,"$10Mto$50M",0,0,1,0,0,0,0,0,0
"148",1,148,"$10Mto$50M",0,0,1,0,0,0,0,0,0
"149",1,149,"$10Mto$50M",0,0,1,0,0,0,0,0,0
"150",1,150,"$50Mto$100M",0,0,0,0,0,0,1,0,0
"151",1,151,"$1Mto$10M",0,0,0,0,1,0,0,0,0
"152",1,152,"$10Mto$50M",0,0,1,0,0,0,0,0,0
"153",1,153,"$1Mto$10M",0,0,0,0,1,0,0,0,0
"154",1,154,"$10Mto$50M",0,0,1,0,0,0,0,0,0
"155",1,155,"$10Mto$50M",0,0,1,0,0,0,0,0,0
"156",1,156,"$1Mto$10M",0,0,0,0,1,0,0,0,0
"157",1,157,"$1Mto$10M",0,0,0,0,1,0,0,0,0
"158",1,158,"$1Mto$10M",0,0,0,0,1,0,0,0,0
"159",1,159,"$10Mto$50M",0,0,1,0,0,0,0,0,0
"160",1,160,"$10Mto$50M",0,0,1,0,0,0,0,0,0
"161",1,161,"$10Mto$50M",0,0,1,0,0,0,0,0,0
"162",1,162,"$500Mto$1B",0,0,0,0,0,1,0,0,0
"163",1,163,"$1Bto$10B",0,0,0,1,0,0,0,0,0
"164",1,164,"$10Mto$50M",0,0,1,0,0,0,0,0,0
"165",1,165,"$1Mto$10M",0,0,0,0,1,0,0,0,0
"166",1,166,"$10Mto$50M",0,0,1,0,0,0,0,0,0
"167",1,167,"$50Mto$100M",0,0,0,0,0,0,1,0,0
"168",1,168,"$50Mto$100M",0,0,0,0,0,0,1,0,0
"169",1,169,"Lessthan$1M",0,0,0,0,0,0,0,1,0
"170",1,170,"$10Mto$50M",0,0,1,0,0,0,0,0,0
"171",1,171,"$50Mto$100M",0,0,0,0,0,0,1,0,0
"172",1,172,"$10Mto$50M",0,0,1,0,0,0,0,0,0
"173",1,173,"Lessthan$1M",0,0,0,0,0,0,0,1,0
"174",1,174,"$100Mto$500M",1,0,0,0,0,0,0,0,0
"175",1,175,"$50Mto$100M",0,0,0,0,0,0,1,0,0
"176",1,176,"$1Mto$10M",0,0,0,0,1,0,0,0,0
"177",1,177,"$100Mto$500M",1,0,0,0,0,0,0,0,0
"178",1,178,"$1Mto$10M",0,0,0,0,1,0,0,0,0
"179",1,179,"$1Bto$10B",0,0,0,1,0,0,0,0,0
"180",1,180,"$1Mto$10M",0,0,0,0,1,0,0,0,0
"181",1,181,"$1Mto$10M",0,0,0,0,1,0,0,0,0
"182",1,182,"$1Mto$10M",0,0,0,0,1,0,0,0,0
"183",1,183,"$1Mto$10M",0,0,0,0,1,0,0,0,0
"184",1,184,"$1Mto$10M",0,0,0,0,1,0,0,0,0
"185",1,185,"$1Mto$10M",0,0,0,0,1,0,0,0,0
"186",1,186,"$1Mto$10M",0,0,0,0,1,0,0,0,0
"187",1,187,"Lessthan$1M",0,0,0,0,0,0,0,1,0
"188",1,188,"$10Mto$50M",0,0,1,0,0,0,0,0,0
"189",1,189,"Lessthan$1M",0,0,0,0,0,0,0,1,0
"190",1,190,"$10Mto$50M",0,0,1,0,0,0,0,0,0
"191",1,191,"$1Mto$10M",0,0,0,0,1,0,0,0,0
"192",1,192,"$100Mto$500M",1,0,0,0,0,0,0,0,0
"193",1,193,"$50Mto$100M",0,0,0,0,0,0,1,0,0
"194",1,194,"$1Mto$10M",0,0,0,0,1,0,0,0,0
"195",1,195,"$50Mto$100M",0,0,0,0,0,0,1,0,0
"196",1,196,"$1Mto$10M",0,0,0,0,1,0,0,0,0
"197",1,197,"$10Mto$50M",0,0,1,0,0,0,0,0,0
"198",1,198,"$1Mto$10M",0,0,0,0,1,0,0,0,0
"199",1,199,"$50Mto$100M",0,0,0,0,0,0,1,0,0
"200",1,200,"$1Mto$10M",0,0,0,0,1,0,0,0,0
"201",1,201,"$10Mto$50M",0,0,1,0,0,0,0,0,0
"202",1,202,"$10Mto$50M",0,0,1,0,0,0,0,0,0
"203",1,203,"$10Mto$50M",0,0,1,0,0,0,0,0,0
"204",1,204,"$1Mto$10M",0,0,0,0,1,0,0,0,0
"205",1,205,"$10Mto$50M",0,0,1,0,0,0,0,0,0
"206",1,206,"$1Mto$10M",0,0,0,0,1,0,0,0,0
"207",1,207,"$10Mto$50M",0,0,1,0,0,0,0,0,0
"208",1,208,"$1Bto$10B",0,0,0,1,0,0,0,0,0
"209",1,209,"$10Mto$50M",0,0,1,0,0,0,0,0,0
"210",1,210,"$1Mto$10M",0,0,0,0,1,0,0,0,0
"211",1,211,"$10Mto$50M",0,0,1,0,0,0,0,0,0
"212",1,212,"$10Mto$50M",0,0,1,0,0,0,0,0,0
"213",1,213,"$1Mto$10M",0,0,0,0,1,0,0,0,0
"214",1,214,"$100Mto$500M",1,0,0,0,0,0,0,0,0
"215",1,215,"Lessthan$1M",0,0,0,0,0,0,0,1,0
"216",1,216,"$1Mto$10M",0,0,0,0,1,0,0,0,0
"217",1,217,"$10Mto$50M",0,0,1,0,0,0,0,0,0
"218",1,218,"$1Mto$10M",0,0,0,0,1,0,0,0,0
"219",1,219,"$10Mto$50M",0,0,1,0,0,0,0,0,0
"220",1,220,"$10Mto$50M",0,0,1,0,0,0,0,0,0
"221",1,221,"$1Mto$10M",0,0,0,0,1,0,0,0,0
"222",1,222,"$10Mto$50M",0,0,1,0,0,0,0,0,0
"223",1,223,"$10Mto$50M",0,0,1,0,0,0,0,0,0
"224",1,224,"$10Mto$50M",0,0,1,0,0,0,0,0,0
"225",1,225,"$1Mto$10M",0,0,0,0,1,0,0,0,0
"226",1,226,"$10Mto$50M",0,0,1,0,0,0,0,0,0
"227",1,227,"$10Mto$50M",0,0,1,0,0,0,0,0,0
"228",1,228,"$50Mto$100M",0,0,0,0,0,0,1,0,0
"229",1,229,"$10Mto$50M",0,0,1,0,0,0,0,0,0
"230",1,230,"$1Mto$10M",0,0,0,0,1,0,0,0,0
"231",1,231,"Lessthan$1M",0,0,0,0,0,0,0,1,0
"232",1,232,"Lessthan$1M",0,0,0,0,0,0,0,1,0
"233",1,233,"$10Mto$50M",0,0,1,0,0,0,0,0,0
"234",1,234,"$1Mto$10M",0,0,0,0,1,0,0,0,0
"235",1,235,"$1Mto$10M",0,0,0,0,1,0,0,0,0
"236",1,236,"$1Mto$10M",0,0,0,0,1,0,0,0,0
"237",1,237,"$1Mto$10M",0,0,0,0,1,0,0,0,0
"238",1,238,"Lessthan$1M",0,0,0,0,0,0,0,1,0
"239",1,239,"$1Mto$10M",0,0,0,0,1,0,0,0,0
"240",1,240,"$1Mto$10M",0,0,0,0,1,0,0,0,0
"241",1,241,"$10Mto$50M",0,0,1,0,0,0,0,0,0
"242",1,242,"$1Mto$10M",0,0,0,0,1,0,0,0,0
"243",1,243,"$10Mto$50M",0,0,1,0,0,0,0,0,0
"244",1,244,"$1Mto$10M",0,0,0,0,1,0,0,0,0
"245",1,245,"$1Mto$10M",0,0,0,0,1,0,0,0,0
"246",1,246,"Lessthan$1M",0,0,0,0,0,0,0,1,0
"247",1,247,"$50Mto$100M",0,0,0,0,0,0,1,0,0
"248",1,248,"$1Mto$10M",0,0,0,0,1,0,0,0,0
"249",1,249,"$50Mto$100M",0,0,0,0,0,0,1,0,0
"250",1,250,"$1Mto$10M",0,0,0,0,1,0,0,0,0
"251",1,251,"$1Mto$10M",0,0,0,0,1,0,0,0,0
"252",1,252,"$50Mto$100M",0,0,0,0,0,0,1,0,0
"253",1,253,"$1Mto$10M",0,0,0,0,1,0,0,0,0
"254",1,254,"$1Mto$10M",0,0,0,0,1,0,0,0,0
"255",1,255,"$10Mto$50M",0,0,1,0,0,0,0,0,0
"256",1,256,"Lessthan$1M",0,0,0,0,0,0,0,1,0
"257",1,257,"$1Mto$10M",0,0,0,0,1,0,0,0,0
"258",1,258,"$10Mto$50M",0,0,1,0,0,0,0,0,0
"259",1,259,"$1Mto$10M",0,0,0,0,1,0,0,0,0
"260",1,260,"Lessthan$1M",0,0,0,0,0,0,0,1,0
"261",1,261,"$1Mto$10M",0,0,0,0,1,0,0,0,0
"262",1,262,"$100Mto$500M",1,0,0,0,0,0,0,0,0
"263",1,263,"$1Mto$10M",0,0,0,0,1,0,0,0,0
"264",1,264,"$1Mto$10M",0,0,0,0,1,0,0,0,0
"265",1,265,"$1Bto$10B",0,0,0,1,0,0,0,0,0
"266",1,266,"$1Mto$10M",0,0,0,0,1,0,0,0,0
"267",1,267,"Lessthan$1M",0,0,0,0,0,0,0,1,0
"268",1,268,"$1Mto$10M",0,0,0,0,1,0,0,0,0
"269",1,269,"$1Mto$10M",0,0,0,0,1,0,0,0,0
"270",1,270,"$1Mto$10M",0,0,0,0,1,0,0,0,0
"271",1,271,"$1Mto$10M",0,0,0,0,1,0,0,0,0
"272",1,272,"Lessthan$1M",0,0,0,0,0,0,0,1,0
"273",1,273,"Lessthan$1M",0,0,0,0,0,0,0,1,0
"274",1,274,"$100Mto$500M",1,0,0,0,0,0,0,0,0
"275",1,275,"$10Mto$50M",0,0,1,0,0,0,0,0,0
"276",1,276,"$10Mto$50M",0,0,1,0,0,0,0,0,0
"277",1,277,"$1Mto$10M",0,0,0,0,1,0,0,0,0
"278",1,278,"$1Mto$10M",0,0,0,0,1,0,0,0,0
"279",1,279,"$1Mto$10M",0,0,0,0,1,0,0,0,0
"280",1,280,"Lessthan$1M",0,0,0,0,0,0,0,1,0
"281",1,281,"$1Mto$10M",0,0,0,0,1,0,0,0,0
"282",1,282,"$1Mto$10M",0,0,0,0,1,0,0,0,0
"283",1,283,"$10Mto$50M",0,0,1,0,0,0,0,0,0
"284",1,284,"$10Mto$50M",0,0,1,0,0,0,0,0,0
"285",1,285,"$50Mto$100M",0,0,0,0,0,0,1,0,0
"286",1,286,"$1Mto$10M",0,0,0,0,1,0,0,0,0
"287",1,287,"$10Mto$50M",0,0,1,0,0,0,0,0,0
"288",1,288,"$100Mto$500M",1,0,0,0,0,0,0,0,0
"289",1,289,"$10Mto$50M",0,0,1,0,0,0,0,0,0
"290",1,290,"$50Mto$100M",0,0,0,0,0,0,1,0,0
"291",1,291,"$1Mto$10M",0,0,0,0,1,0,0,0,0
"292",1,292,"$1Mto$10M",0,0,0,0,1,0,0,0,0
"293",1,293,"$1Mto$10M",0,0,0,0,1,0,0,0,0
"294",1,294,"$1Mto$10M",0,0,0,0,1,0,0,0,0
"295",1,295,"$10Mto$50M",0,0,1,0,0,0,0,0,0
"296",1,296,"$10Mto$50M",0,0,1,0,0,0,0,0,0
"297",1,297,"$1Bto$10B",0,0,0,1,0,0,0,0,0
"298",1,298,"$10Mto$50M",0,0,1,0,0,0,0,0,0
"299",1,299,"$1Bto$10B",0,0,0,1,0,0,0,0,0
"300",1,300,"$10Mto$50M",0,0,1,0,0,0,0,0,0
"301",1,301,"$1Mto$10M",0,0,0,0,1,0,0,0,0
"302",1,302,"$1Mto$10M",0,0,0,0,1,0,0,0,0
"303",1,303,"$10Mto$50M",0,0,1,0,0,0,0,0,0
"304",1,304,"$10Mto$50M",0,0,1,0,0,0,0,0,0
"305",1,305,"$100Mto$500M",1,0,0,0,0,0,0,0,0
"306",1,306,"$10Mto$50M",0,0,1,0,0,0,0,0,0
"307",1,307,"$1Mto$10M",0,0,0,0,1,0,0,0,0
"308",1,308,"Lessthan$1M",0,0,0,0,0,0,0,1,0
"309",1,309,"$100Mto$500M",1,0,0,0,0,0,0,0,0
"310",1,310,"$10Mto$50M",0,0,1,0,0,0,0,0,0
"311",1,311,"$1Mto$10M",0,0,0,0,1,0,0,0,0
"312",1,312,"$10Mto$50M",0,0,1,0,0,0,0,0,0
"313",1,313,"$1Mto$10M",0,0,0,0,1,0,0,0,0
"314",1,314,"$1Mto$10M",0,0,0,0,1,0,0,0,0
"315",1,315,"$1Mto$10M",0,0,0,0,1,0,0,0,0
"316",1,316,"Lessthan$1M",0,0,0,0,0,0,0,1,0
"317",1,317,"$1Mto$10M",0,0,0,0,1,0,0,0,0
"318",1,318,"$1Mto$10M",0,0,0,0,1,0,0,0,0
"319",1,319,"$1Mto$10M",0,0,0,0,1,0,0,0,0
"320",1,320,"$10Mto$50M",0,0,1,0,0,0,0,0,0
"321",1,321,"$10Mto$50M",0,0,1,0,0,0,0,0,0
"322",1,322,"$1Mto$10M",0,0,0,0,1,0,0,0,0
"323",1,323,"$1Mto$10M",0,0,0,0,1,0,0,0,0
"324",1,324,"$1Mto$10M",0,0,0,0,1,0,0,0,0
"325",1,325,"$1Mto$10M",0,0,0,0,1,0,0,0,0
"326",1,326,"$1Mto$10M",0,0,0,0,1,0,0,0,0
"327",1,327,"$1Mto$10M",0,0,0,0,1,0,0,0,0
"328",1,328,"$1Mto$10M",0,0,0,0,1,0,0,0,0
"329",1,329,"$1Mto$10M",0,0,0,0,1,0,0,0,0
"330",1,330,"$10Mto$50M",0,0,1,0,0,0,0,0,0
"331",1,331,"$10Mto$50M",0,0,1,0,0,0,0,0,0
"332",1,332,"$1Mto$10M",0,0,0,0,1,0,0,0,0
"333",1,333,"$1Mto$10M",0,0,0,0,1,0,0,0,0
"334",1,334,"$1Mto$10M",0,0,0,0,1,0,0,0,0
"335",1,335,"$50Mto$100M",0,0,0,0,0,0,1,0,0
"336",1,336,"$1Mto$10M",0,0,0,0,1,0,0,0,0
"337",1,337,"$1Mto$10M",0,0,0,0,1,0,0,0,0
"338",1,338,"$10Mto$50M",0,0,1,0,0,0,0,0,0
"339",1,339,"Lessthan$1M",0,0,0,0,0,0,0,1,0
"340",1,340,"$10Mto$50M",0,0,1,0,0,0,0,0,0
"341",1,341,"$100Mto$500M",1,0,0,0,0,0,0,0,0
"342",1,342,"$1Mto$10M",0,0,0,0,1,0,0,0,0
"343",1,343,"$1Mto$10M",0,0,0,0,1,0,0,0,0
"344",1,344,"$100Mto$500M",1,0,0,0,0,0,0,0,0
"345",1,345,"$1Mto$10M",0,0,0,0,1,0,0,0,0
"346",1,346,"$1Mto$10M",0,0,0,0,1,0,0,0,0
"347",1,347,"$1Mto$10M",0,0,0,0,1,0,0,0,0
"348",1,348,"$100Mto$500M",1,0,0,0,0,0,0,0,0
"349",1,349,"Lessthan$1M",0,0,0,0,0,0,0,1,0
"350",1,350,"$10Mto$50M",0,0,1,0,0,0,0,0,0
"351",1,351,"$10Mto$50M",0,0,1,0,0,0,0,0,0
"352",1,352,"$100Mto$500M",1,0,0,0,0,0,0,0,0
"353",1,353,"$10Mto$50M",0,0,1,0,0,0,0,0,0
"354",1,354,"Lessthan$1M",0,0,0,0,0,0,0,1,0
"355",1,355,"$1Mto$10M",0,0,0,0,1,0,0,0,0
"356",1,356,"$1Mto$10M",0,0,0,0,1,0,0,0,0
"357",1,357,"Lessthan$1M",0,0,0,0,0,0,0,1,0
"358",1,358,"$10Mto$50M",0,0,1,0,0,0,0,0,0
"359",1,359,"Lessthan$1M",0,0,0,0,0,0,0,1,0
"360",1,360,"Lessthan$1M",0,0,0,0,0,0,0,1,0
"361",1,361,"$1Mto$10M",0,0,0,0,1,0,0,0,0
"362",1,362,"$1Mto$10M",0,0,0,0,1,0,0,0,0
"363",1,363,"$10Mto$50M",0,0,1,0,0,0,0,0,0
"364",1,364,"$10Mto$50M",0,0,1,0,0,0,0,0,0
"365",1,365,"$10Mto$50M",0,0,1,0,0,0,0,0,0
"366",1,366,"$1Mto$10M",0,0,0,0,1,0,0,0,0
"367",1,367,"$1Mto$10M",0,0,0,0,1,0,0,0,0
"368",1,368,"$1Mto$10M",0,0,0,0,1,0,0,0,0
"369",1,369,"$10Mto$50M",0,0,1,0,0,0,0,0,0
"370",1,370,"$1Mto$10M",0,0,0,0,1,0,0,0,0
"371",1,371,"$1Mto$10M",0,0,0,0,1,0,0,0,0
"372",1,372,"$10Mto$50M",0,0,1,0,0,0,0,0,0
"373",1,373,"$1Mto$10M",0,0,0,0,1,0,0,0,0
"374",1,374,"$1Mto$10M",0,0,0,0,1,0,0,0,0
"375",1,375,"$10Mto$50M",0,0,1,0,0,0,0,0,0
"376",1,376,"$10Mto$50M",0,0,1,0,0,0,0,0,0
"377",1,377,"$1Mto$10M",0,0,0,0,1,0,0,0,0
"378",1,378,"$100Mto$500M",1,0,0,0,0,0,0,0,0
"379",1,379,"$1Mto$10M",0,0,0,0,1,0,0,0,0
"380",1,380,"Lessthan$1M",0,0,0,0,0,0,0,1,0
"381",1,381,"$1Mto$10M",0,0,0,0,1,0,0,0,0
"382",1,382,"$1Mto$10M",0,0,0,0,1,0,0,0,0
"383",1,383,"$1Mto$10M",0,0,0,0,1,0,0,0,0
"384",1,384,"$10Mto$50M",0,0,1,0,0,0,0,0,0
"385",1,385,"Lessthan$1M",0,0,0,0,0,0,0,1,0
"386",1,386,"$10Mto$50M",0,0,1,0,0,0,0,0,0
"387",1,387,"$1Mto$10M",0,0,0,0,1,0,0,0,0
"388",1,388,"$10Mto$50M",0,0,1,0,0,0,0,0,0
"389",1,389,"$1Mto$10M",0,0,0,0,1,0,0,0,0
"390",1,390,"$1Mto$10M",0,0,0,0,1,0,0,0,0
"391",1,391,"$1Mto$10M",0,0,0,0,1,0,0,0,0
"392",1,392,"$1Mto$10M",0,0,0,0,1,0,0,0,0
"393",1,393,"$50Mto$100M",0,0,0,0,0,0,1,0,0
"394",1,394,"$1Mto$10M",0,0,0,0,1,0,0,0,0
"395",1,395,"Lessthan$1M",0,0,0,0,0,0,0,1,0
"396",1,396,"Lessthan$1M",0,0,0,0,0,0,0,1,0
"397",1,397,"$1Mto$10M",0,0,0,0,1,0,0,0,0
"398",1,398,"$1Mto$10M",0,0,0,0,1,0,0,0,0
"399",1,399,"$1Mto$10M",0,0,0,0,1,0,0,0,0
"400",1,400,"$1Mto$10M",0,0,0,0,1,0,0,0,0
"401",1,401,"$10Mto$50M",0,0,1,0,0,0,0,0,0
"402",1,402,"$1Bto$10B",0,0,0,1,0,0,0,0,0
"403",1,403,"$1Mto$10M",0,0,0,0,1,0,0,0,0
"404",1,404,"$1Mto$10M",0,0,0,0,1,0,0,0,0
"405",1,405,"$1Mto$10M",0,0,0,0,1,0,0,0,0
"406",1,406,"Lessthan$1M",0,0,0,0,0,0,0,1,0
"407",1,407,"$1Mto$10M",0,0,0,0,1,0,0,0,0
"408",1,408,"$10Mto$50M",0,0,1,0,0,0,0,0,0
"409",1,409,"$1Mto$10M",0,0,0,0,1,0,0,0,0
"410",1,410,"$10Mto$50M",0,0,1,0,0,0,0,0,0
"411",1,411,"$10Mto$50M",0,0,1,0,0,0,0,0,0
"412",1,412,"$10Mto$50M",0,0,1,0,0,0,0,0,0
"413",1,413,"$10Mto$50M",0,0,1,0,0,0,0,0,0
"414",1,414,"$1Mto$10M",0,0,0,0,1,0,0,0,0
"415",1,415,"$1Mto$10M",0,0,0,0,1,0,0,0,0
"416",1,416,"$1Mto$10M",0,0,0,0,1,0,0,0,0
"417",1,417,"$1Mto$10M",0,0,0,0,1,0,0,0,0
"418",1,418,"$1Mto$10M",0,0,0,0,1,0,0,0,0
"419",1,419,"Lessthan$1M",0,0,0,0,0,0,0,1,0
"420",1,420,"$1Mto$10M",0,0,0,0,1,0,0,0,0
"421",1,421,"$1Mto$10M",0,0,0,0,1,0,0,0,0
"422",1,422,"$1Mto$10M",0,0,0,0,1,0,0,0,0
"423",1,423,"$1Bto$10B",0,0,0,1,0,0,0,0,0
"424",1,424,"$10Mto$50M",0,0,1,0,0,0,0,0,0
"425",1,425,"$1Mto$10M",0,0,0,0,1,0,0,0,0
"426",1,426,"$100Mto$500M",1,0,0,0,0,0,0,0,0
"427",1,427,"$1Mto$10M",0,0,0,0,1,0,0,0,0
"428",1,428,"$10Mto$50M",0,0,1,0,0,0,0,0,0
"429",1,429,"$500Mto$1B",0,0,0,0,0,1,0,0,0
"430",1,430,"$1Mto$10M",0,0,0,0,1,0,0,0,0
"431",1,431,"$50Mto$100M",0,0,0,0,0,0,1,0,0
"432",1,432,"$1Mto$10M",0,0,0,0,1,0,0,0,0
"433",1,433,"$1Mto$10M",0,0,0,0,1,0,0,0,0
"434",1,434,"$10Mto$50M",0,0,1,0,0,0,0,0,0
"435",1,435,"$1Mto$10M",0,0,0,0,1,0,0,0,0
"436",1,436,"$1Mto$10M",0,0,0,0,1,0,0,0,0
"437",1,437,"$10Mto$50M",0,0,1,0,0,0,0,0,0
"438",1,438,"$1Mto$10M",0,0,0,0,1,0,0,0,0
"439",1,439,"$10Mto$50M",0,0,1,0,0,0,0,0,0
"440",1,440,"$10Mto$50M",0,0,1,0,0,0,0,0,0
"441",1,441,"$100Mto$500M",1,0,0,0,0,0,0,0,0
"442",1,442,"$1Mto$10M",0,0,0,0,1,0,0,0,0
"443",1,443,"$1Mto$10M",0,0,0,0,1,0,0,0,0
"444",1,444,"$1Mto$10M",0,0,0,0,1,0,0,0,0
"445",1,445,"Lessthan$1M",0,0,0,0,0,0,0,1,0
"446",1,446,"$1Mto$10M",0,0,0,0,1,0,0,0,0
"447",1,447,"$1Mto$10M",0,0,0,0,1,0,0,0,0
"448",1,448,"$50Mto$100M",0,0,0,0,0,0,1,0,0
"449",1,449,"$10Mto$50M",0,0,1,0,0,0,0,0,0
"450",1,450,"$50Mto$100M",0,0,0,0,0,0,1,0,0
"451",1,451,"$1Mto$10M",0,0,0,0,1,0,0,0,0
"452",1,452,"$1Mto$10M",0,0,0,0,1,0,0,0,0
"453",0,453,"$1Mto$10M",0,0,0,0,1,0,0,0,0
"454",0,454,"$1Mto$10M",0,0,0,0,1,0,0,0,0
"455",0,455,"$100Mto$500M",1,0,0,0,0,0,0,0,0
"456",0,456,"$1Mto$10M",0,0,0,0,1,0,0,0,0
"457",0,457,"$10Mto$50M",0,0,1,0,0,0,0,0,0
"458",0,458,"$1Mto$10M",0,0,0,0,1,0,0,0,0
"459",0,459,"Lessthan$1M",0,0,0,0,0,0,0,1,0
"460",0,460,"$10Mto$50M",0,0,1,0,0,0,0,0,0
"461",0,461,"$1Mto$10M",0,0,0,0,1,0,0,0,0
"462",0,462,"$1Mto$10M",0,0,0,0,1,0,0,0,0
"463",0,463,"$100Mto$500M",1,0,0,0,0,0,0,0,0
"464",0,464,"$1Mto$10M",0,0,0,0,1,0,0,0,0
"465",0,465,"$10Mto$50M",0,0,1,0,0,0,0,0,0
"466",0,466,"$1Mto$10M",0,0,0,0,1,0,0,0,0
"467",0,467,"$1Mto$10M",0,0,0,0,1,0,0,0,0
"468",0,468,"$1Mto$10M",0,0,0,0,1,0,0,0,0
"469",0,469,"$10Mto$50M",0,0,1,0,0,0,0,0,0
"470",0,470,"$1Mto$10M",0,0,0,0,1,0,0,0,0
"471",0,471,"$10Mto$50M",0,0,1,0,0,0,0,0,0
"472",0,472,"$1Mto$10M",0,0,0,0,1,0,0,0,0
"473",0,473,"$50Mto$100M",0,0,0,0,0,0,1,0,0
"474",0,474,NA,NA,NA,NA,NA,NA,NA,NA,NA,1
"475",0,475,"$1Mto$10M",0,0,0,0,1,0,0,0,0
"476",0,476,"$50Mto$100M",0,0,0,0,0,0,1,0,0
"477",0,477,"$100Mto$500M",1,0,0,0,0,0,0,0,0
"478",0,478,"$1Mto$10M",0,0,0,0,1,0,0,0,0
"479",0,479,"Lessthan$1M",0,0,0,0,0,0,0,1,0
"480",0,480,"$1Mto$10M",0,0,0,0,1,0,0,0,0
"481",0,481,"$10Mto$50M",0,0,1,0,0,0,0,0,0
"482",0,482,"$1Mto$10M",0,0,0,0,1,0,0,0,0
"483",0,483,"$1Mto$10M",0,0,0,0,1,0,0,0,0
"484",0,484,"$1Mto$10M",0,0,0,0,1,0,0,0,0
"485",0,485,"$10Mto$50M",0,0,1,0,0,0,0,0,0
"486",0,486,"$10Mto$50M",0,0,1,0,0,0,0,0,0
"487",0,487,"$10Mto$50M",0,0,1,0,0,0,0,0,0
"488",0,488,"$1Mto$10M",0,0,0,0,1,0,0,0,0
"489",0,489,"Lessthan$1M",0,0,0,0,0,0,0,1,0
"490",0,490,"Lessthan$1M",0,0,0,0,0,0,0,1,0
"491",0,491,"Lessthan$1M",0,0,0,0,0,0,0,1,0
"492",0,492,"Lessthan$1M",0,0,0,0,0,0,0,1,0
"493",0,493,"$1Mto$10M",0,0,0,0,1,0,0,0,0
"494",0,494,"$50Mto$100M",0,0,0,0,0,0,1,0,0
"495",0,495,"$1Mto$10M",0,0,0,0,1,0,0,0,0
"496",0,496,"Lessthan$1M",0,0,0,0,0,0,0,1,0
"497",0,497,"Lessthan$1M",0,0,0,0,0,0,0,1,0
"498",0,498,"$1Mto$10M",0,0,0,0,1,0,0,0,0
"499",0,499,"$1Mto$10M",0,0,0,0,1,0,0,0,0
"500",0,500,"$1Mto$10M",0,0,0,0,1,0,0,0,0
"501",0,501,"$1Mto$10M",0,0,0,0,1,0,0,0,0
"502",0,502,"Lessthan$1M",0,0,0,0,0,0,0,1,0
"503",0,503,"$10Mto$50M",0,0,1,0,0,0,0,0,0
"504",0,504,"$1Mto$10M",0,0,0,0,1,0,0,0,0
"505",0,505,"$1Bto$10B",0,0,0,1,0,0,0,0,0
"506",0,506,"$1Mto$10M",0,0,0,0,1,0,0,0,0
"507",0,507,"$1Mto$10M",0,0,0,0,1,0,0,0,0
"508",0,508,"$1Mto$10M",0,0,0,0,1,0,0,0,0
"509",0,509,"$1Bto$10B",0,0,0,1,0,0,0,0,0
"510",0,510,"$1Mto$10M",0,0,0,0,1,0,0,0,0
"511",0,511,"$1Mto$10M",0,0,0,0,1,0,0,0,0
"512",0,512,"$1Mto$10M",0,0,0,0,1,0,0,0,0
"513",0,513,"$1Mto$10M",0,0,0,0,1,0,0,0,0
"514",0,514,"$1Mto$10M",0,0,0,0,1,0,0,0,0
"515",0,515,"$100Mto$500M",1,0,0,0,0,0,0,0,0
"516",0,516,"$10Mto$50M",0,0,1,0,0,0,0,0,0
"517",0,517,"$1Mto$10M",0,0,0,0,1,0,0,0,0
"518",0,518,"$1Mto$10M",0,0,0,0,1,0,0,0,0
"519",0,519,"$100Mto$500M",1,0,0,0,0,0,0,0,0
"520",0,520,"$10Mto$50M",0,0,1,0,0,0,0,0,0
"521",0,521,"$1Mto$10M",0,0,0,0,1,0,0,0,0
"522",0,522,"Lessthan$1M",0,0,0,0,0,0,0,1,0
"523",0,523,"$10Mto$50M",0,0,1,0,0,0,0,0,0
"524",0,524,"$100Mto$500M",1,0,0,0,0,0,0,0,0
"525",0,525,"$1Mto$10M",0,0,0,0,1,0,0,0,0
"526",0,526,"$50Mto$100M",0,0,0,0,0,0,1,0,0
"527",0,527,"$1Mto$10M",0,0,0,0,1,0,0,0,0
"528",0,528,"$10Mto$50M",0,0,1,0,0,0,0,0,0
"529",0,529,"$10Mto$50M",0,0,1,0,0,0,0,0,0
"530",0,530,"$1Mto$10M",0,0,0,0,1,0,0,0,0
"531",0,531,"$10Mto$50M",0,0,1,0,0,0,0,0,0
"532",0,532,"$1Mto$10M",0,0,0,0,1,0,0,0,0
"533",0,533,"$1Mto$10M",0,0,0,0,1,0,0,0,0
"534",0,534,"$10Mto$50M",0,0,1,0,0,0,0,0,0
"535",0,535,"$500Mto$1B",0,0,0,0,0,1,0,0,0
"536",0,536,"$10Mto$50M",0,0,1,0,0,0,0,0,0
"537",0,537,"$1Mto$10M",0,0,0,0,1,0,0,0,0
"538",0,538,"$1Mto$10M",0,0,0,0,1,0,0,0,0
"539",0,539,"$10Mto$50M",0,0,1,0,0,0,0,0,0
"540",0,540,"$1Mto$10M",0,0,0,0,1,0,0,0,0
"541",0,541,"$1Mto$10M",0,0,0,0,1,0,0,0,0
"542",0,542,"$1Mto$10M",0,0,0,0,1,0,0,0,0
"543",0,543,"$10Mto$50M",0,0,1,0,0,0,0,0,0
"544",0,544,"Lessthan$1M",0,0,0,0,0,0,0,1,0
"545",0,545,"$50Mto$100M",0,0,0,0,0,0,1,0,0
"546",0,546,"$1Mto$10M",0,0,0,0,1,0,0,0,0
"547",0,547,"$10Mto$50M",0,0,1,0,0,0,0,0,0
"548",0,548,"$10Mto$50M",0,0,1,0,0,0,0,0,0
"549",0,549,"$1Mto$10M",0,0,0,0,1,0,0,0,0
"550",0,550,"$100Mto$500M",1,0,0,0,0,0,0,0,0
"551",0,551,"$1Mto$10M",0,0,0,0,1,0,0,0,0
"552",0,552,"$1Mto$10M",0,0,0,0,1,0,0,0,0
"553",0,553,"$1Mto$10M",0,0,0,0,1,0,0,0,0
"554",0,554,"$1Mto$10M",0,0,0,0,1,0,0,0,0
"555",0,555,"$1Mto$10M",0,0,0,0,1,0,0,0,0
"556",0,556,"$1Mto$10M",0,0,0,0,1,0,0,0,0
"557",0,557,"$1Mto$10M",0,0,0,0,1,0,0,0,0
"558",0,558,"Lessthan$1M",0,0,0,0,0,0,0,1,0
"559",0,559,"$10Mto$50M",0,0,1,0,0,0,0,0,0
"560",0,560,"$1Mto$10M",0,0,0,0,1,0,0,0,0
"561",0,561,"$1Mto$10M",0,0,0,0,1,0,0,0,0
"562",0,562,"$10Mto$50M",0,0,1,0,0,0,0,0,0
"563",0,563,"$10Mto$50M",0,0,1,0,0,0,0,0,0
"564",0,564,"$1Mto$10M",0,0,0,0,1,0,0,0,0
"565",0,565,"$10Mto$50M",0,0,1,0,0,0,0,0,0
"566",0,566,"$10Mto$50M",0,0,1,0,0,0,0,0,0
"567",0,567,"$10Mto$50M",0,0,1,0,0,0,0,0,0
"568",0,568,"$1Mto$10M",0,0,0,0,1,0,0,0,0
"569",0,569,"$1Bto$10B",0,0,0,1,0,0,0,0,0
"570",0,570,"$1Mto$10M",0,0,0,0,1,0,0,0,0
"571",0,571,"Lessthan$1M",0,0,0,0,0,0,0,1,0
"572",0,572,"Lessthan$1M",0,0,0,0,0,0,0,1,0
"573",0,573,"$1Mto$10M",0,0,0,0,1,0,0,0,0
"574",0,574,"$1Mto$10M",0,0,0,0,1,0,0,0,0
"575",0,575,"$100Mto$500M",1,0,0,0,0,0,0,0,0
"576",0,576,"$50Mto$100M",0,0,0,0,0,0,1,0,0
"577",0,577,"$1Mto$10M",0,0,0,0,1,0,0,0,0
"578",0,578,"Lessthan$1M",0,0,0,0,0,0,0,1,0
"579",0,579,"Lessthan$1M",0,0,0,0,0,0,0,1,0
"580",0,580,"$10Mto$50M",0,0,1,0,0,0,0,0,0
"581",0,581,"$10Mto$50M",0,0,1,0,0,0,0,0,0
"582",0,582,"$100Mto$500M",1,0,0,0,0,0,0,0,0
"583",0,583,"Lessthan$1M",0,0,0,0,0,0,0,1,0
"584",0,584,"$1Mto$10M",0,0,0,0,1,0,0,0,0
"585",0,585,"$50Mto$100M",0,0,0,0,0,0,1,0,0
"586",0,586,"$10Mto$50M",0,0,1,0,0,0,0,0,0
"587",0,587,"$1Mto$10M",0,0,0,0,1,0,0,0,0
"588",0,588,"$1Mto$10M",0,0,0,0,1,0,0,0,0
"589",0,589,"$1Mto$10M",0,0,0,0,1,0,0,0,0
"590",0,590,"$10Mto$50M",0,0,1,0,0,0,0,0,0
"591",0,591,"$1Mto$10M",0,0,0,0,1,0,0,0,0
"592",0,592,"$1Mto$10M",0,0,0,0,1,0,0,0,0
"593",0,593,"$1Mto$10M",0,0,0,0,1,0,0,0,0
"594",0,594,"$1Mto$10M",0,0,0,0,1,0,0,0,0
"595",0,595,"$1Mto$10M",0,0,0,0,1,0,0,0,0
"596",0,596,"$1Mto$10M",0,0,0,0,1,0,0,0,0
"597",0,597,"$1Mto$10M",0,0,0,0,1,0,0,0,0
"598",0,598,"Lessthan$1M",0,0,0,0,0,0,0,1,0
"599",0,599,"$1Mto$10M",0,0,0,0,1,0,0,0,0
"600",0,600,"$10Mto$50M",0,0,1,0,0,0,0,0,0
"601",0,601,"$1Mto$10M",0,0,0,0,1,0,0,0,0
"602",0,602,"$1Mto$10M",0,0,0,0,1,0,0,0,0
"603",0,603,"$1Mto$10M",0,0,0,0,1,0,0,0,0
"604",0,604,"$10Mto$50M",0,0,1,0,0,0,0,0,0
"605",0,605,"Lessthan$1M",0,0,0,0,0,0,0,1,0
"606",0,606,"$1Mto$10M",0,0,0,0,1,0,0,0,0
"607",0,607,"$10Mto$50M",0,0,1,0,0,0,0,0,0
"608",0,608,"$100Mto$500M",1,0,0,0,0,0,0,0,0
"609",0,609,"$10Mto$50M",0,0,1,0,0,0,0,0,0
"610",0,610,"$1Mto$10M",0,0,0,0,1,0,0,0,0
"611",0,611,"$1Mto$10M",0,0,0,0,1,0,0,0,0
"612",0,612,"$50Mto$100M",0,0,0,0,0,0,1,0,0
"613",0,613,"$1Mto$10M",0,0,0,0,1,0,0,0,0
"614",0,614,"$50Mto$100M",0,0,0,0,0,0,1,0,0
"615",0,615,"$1Mto$10M",0,0,0,0,1,0,0,0,0
"616",0,616,"$10Mto$50M",0,0,1,0,0,0,0,0,0
"617",0,617,"$1Mto$10M",0,0,0,0,1,0,0,0,0
"618",0,618,"Lessthan$1M",0,0,0,0,0,0,0,1,0
"619",0,619,NA,NA,NA,NA,NA,NA,NA,NA,NA,1
"620",0,620,"$1Mto$10M",0,0,0,0,1,0,0,0,0
"621",0,621,"$1Mto$10M",0,0,0,0,1,0,0,0,0
"622",0,622,"$1Mto$10M",0,0,0,0,1,0,0,0,0
"623",0,623,"$1Mto$10M",0,0,0,0,1,0,0,0,0
"624",0,624,"$10Mto$50M",0,0,1,0,0,0,0,0,0
"625",0,625,"$1Mto$10M",0,0,0,0,1,0,0,0,0
"626",0,626,"Lessthan$1M",0,0,0,0,0,0,0,1,0
"627",0,627,"Lessthan$1M",0,0,0,0,0,0,0,1,0
"628",0,628,"$10Mto$50M",0,0,1,0,0,0,0,0,0
"629",0,629,"$1Mto$10M",0,0,0,0,1,0,0,0,0
"630",0,630,"$100Mto$500M",1,0,0,0,0,0,0,0,0
"631",0,631,"$10Mto$50M",0,0,1,0,0,0,0,0,0
"632",0,632,"$1Mto$10M",0,0,0,0,1,0,0,0,0
"633",0,633,"$1Mto$10M",0,0,0,0,1,0,0,0,0
"634",0,634,"Lessthan$1M",0,0,0,0,0,0,0,1,0
"635",0,635,"$10Mto$50M",0,0,1,0,0,0,0,0,0
"636",0,636,"$100Mto$500M",1,0,0,0,0,0,0,0,0
"637",0,637,"$50Mto$100M",0,0,0,0,0,0,1,0,0
"638",0,638,"$1Mto$10M",0,0,0,0,1,0,0,0,0
"639",0,639,"$1Mto$10M",0,0,0,0,1,0,0,0,0
"640",0,640,"$10Mto$50M",0,0,1,0,0,0,0,0,0
"641",0,641,"$10Mto$50M",0,0,1,0,0,0,0,0,0
"642",0,642,"$10Mto$50M",0,0,1,0,0,0,0,0,0
"643",0,643,"$1Mto$10M",0,0,0,0,1,0,0,0,0
"644",0,644,"$10Mto$50M",0,0,1,0,0,0,0,0,0
"645",0,645,"$500Mto$1B",0,0,0,0,0,1,0,0,0
"646",0,646,"$1Mto$10M",0,0,0,0,1,0,0,0,0
"647",0,647,"$1Mto$10M",0,0,0,0,1,0,0,0,0
"648",0,648,"$1Mto$10M",0,0,0,0,1,0,0,0,0
"649",0,649,"$1Mto$10M",0,0,0,0,1,0,0,0,0
"650",0,650,"$100Mto$500M",1,0,0,0,0,0,0,0,0
"651",0,651,"$50Mto$100M",0,0,0,0,0,0,1,0,0
"652",0,652,"$10Mto$50M",0,0,1,0,0,0,0,0,0
"653",0,653,"$10Mto$50M",0,0,1,0,0,0,0,0,0
"654",0,654,"$1Mto$10M",0,0,0,0,1,0,0,0,0
"655",0,655,"Lessthan$1M",0,0,0,0,0,0,0,1,0
"656",0,656,"$1Mto$10M",0,0,0,0,1,0,0,0,0
"657",0,657,"$100Mto$500M",1,0,0,0,0,0,0,0,0
"658",0,658,"Lessthan$1M",0,0,0,0,0,0,0,1,0
"659",0,659,"$10Mto$50M",0,0,1,0,0,0,0,0,0
"660",0,660,"$1Mto$10M",0,0,0,0,1,0,0,0,0
"661",0,661,"$1Mto$10M",0,0,0,0,1,0,0,0,0
"662",0,662,"$1Mto$10M",0,0,0,0,1,0,0,0,0
"663",0,663,"$50Mto$100M",0,0,0,0,0,0,1,0,0
"664",0,664,"Lessthan$1M",0,0,0,0,0,0,0,1,0
"665",0,665,"$1Mto$10M",0,0,0,0,1,0,0,0,0
"666",0,666,"Lessthan$1M",0,0,0,0,0,0,0,1,0
"667",0,667,"$1Mto$10M",0,0,0,0,1,0,0,0,0
"668",0,668,"$1Mto$10M",0,0,0,0,1,0,0,0,0
"669",0,669,"$10Mto$50M",0,0,1,0,0,0,0,0,0
"670",0,670,"Lessthan$1M",0,0,0,0,0,0,0,1,0
"671",0,671,"$1Mto$10M",0,0,0,0,1,0,0,0,0
"672",0,672,"$10Mto$50M",0,0,1,0,0,0,0,0,0
"673",0,673,"$1Mto$10M",0,0,0,0,1,0,0,0,0
"674",0,674,"$1Mto$10M",0,0,0,0,1,0,0,0,0
"675",0,675,"$100Mto$500M",1,0,0,0,0,0,0,0,0
"676",0,676,"$1Mto$10M",0,0,0,0,1,0,0,0,0
"677",0,677,"Lessthan$1M",0,0,0,0,0,0,0,1,0
"678",0,678,"$1Mto$10M",0,0,0,0,1,0,0,0,0
"679",0,679,"Lessthan$1M",0,0,0,0,0,0,0,1,0
"680",0,680,"Lessthan$1M",0,0,0,0,0,0,0,1,0
"681",0,681,"Lessthan$1M",0,0,0,0,0,0,0,1,0
"682",0,682,"$1Mto$10M",0,0,0,0,1,0,0,0,0
"683",0,683,"$1Mto$10M",0,0,0,0,1,0,0,0,0
"684",0,684,"$10Mto$50M",0,0,1,0,0,0,0,0,0
"685",0,685,"Lessthan$1M",0,0,0,0,0,0,0,1,0
"686",0,686,"$1Mto$10M",0,0,0,0,1,0,0,0,0
"687",0,687,"$1Mto$10M",0,0,0,0,1,0,0,0,0
"688",0,688,"$50Mto$100M",0,0,0,0,0,0,1,0,0
"689",0,689,"Lessthan$1M",0,0,0,0,0,0,0,1,0
"690",0,690,"$1Mto$10M",0,0,0,0,1,0,0,0,0
"691",0,691,"$10Mto$50M",0,0,1,0,0,0,0,0,0
"692",0,692,"$1Mto$10M",0,0,0,0,1,0,0,0,0
"693",0,693,"Lessthan$1M",0,0,0,0,0,0,0,1,0
"694",0,694,"$1Mto$10M",0,0,0,0,1,0,0,0,0
"695",0,695,"Lessthan$1M",0,0,0,0,0,0,0,1,0
"696",0,696,"$10Mto$50M",0,0,1,0,0,0,0,0,0
"697",0,697,"$50Mto$100M",0,0,0,0,0,0,1,0,0
"698",0,698,"$1Mto$10M",0,0,0,0,1,0,0,0,0
"699",0,699,"$1Mto$10M",0,0,0,0,1,0,0,0,0
"700",0,700,"$1Mto$10M",0,0,0,0,1,0,0,0,0
"701",0,701,"$100Mto$500M",1,0,0,0,0,0,0,0,0
"702",0,702,"Lessthan$1M",0,0,0,0,0,0,0,1,0
"703",0,703,"$1Mto$10M",0,0,0,0,1,0,0,0,0
"704",0,704,"$1Mto$10M",0,0,0,0,1,0,0,0,0
"705",0,705,"Lessthan$1M",0,0,0,0,0,0,0,1,0
"706",0,706,"$1Mto$10M",0,0,0,0,1,0,0,0,0
"707",0,707,"$100Mto$500M",1,0,0,0,0,0,0,0,0
"708",0,708,"Lessthan$1M",0,0,0,0,0,0,0,1,0
"709",0,709,"$1Mto$10M",0,0,0,0,1,0,0,0,0
"710",0,710,"$1Mto$10M",0,0,0,0,1,0,0,0,0
"711",0,711,"$10Mto$50M",0,0,1,0,0,0,0,0,0
"712",0,712,"$1Mto$10M",0,0,0,0,1,0,0,0,0
"713",0,713,"$1Mto$10M",0,0,0,0,1,0,0,0,0
"714",0,714,"$1Mto$10M",0,0,0,0,1,0,0,0,0
"715",0,715,"$1Mto$10M",0,0,0,0,1,0,0,0,0
"716",0,716,"$1Mto$10M",0,0,0,0,1,0,0,0,0
"717",0,717,"$1Mto$10M",0,0,0,0,1,0,0,0,0
"718",0,718,"$100Mto$500M",1,0,0,0,0,0,0,0,0
"719",0,719,"$10Mto$50M",0,0,1,0,0,0,0,0,0
"720",0,720,"$1Mto$10M",0,0,0,0,1,0,0,0,0
"721",0,721,"$100Mto$500M",1,0,0,0,0,0,0,0,0
"722",0,722,"$1Mto$10M",0,0,0,0,1,0,0,0,0
"723",0,723,"Lessthan$1M",0,0,0,0,0,0,0,1,0
"724",0,724,"Lessthan$1M",0,0,0,0,0,0,0,1,0
"725",0,725,"$1Mto$10M",0,0,0,0,1,0,0,0,0
"726",0,726,"$1Mto$10M",0,0,0,0,1,0,0,0,0
"727",0,727,"$1Mto$10M",0,0,0,0,1,0,0,0,0
"728",0,728,"$1Mto$10M",0,0,0,0,1,0,0,0,0
"729",0,729,"$10Mto$50M",0,0,1,0,0,0,0,0,0
"730",0,730,"$1Mto$10M",0,0,0,0,1,0,0,0,0
"731",0,731,"$50Mto$100M",0,0,0,0,0,0,1,0,0
"732",0,732,"$1Mto$10M",0,0,0,0,1,0,0,0,0
"733",0,733,"$10Mto$50M",0,0,1,0,0,0,0,0,0
"734",0,734,"$1Mto$10M",0,0,0,0,1,0,0,0,0
"735",0,735,"$100Mto$500M",1,0,0,0,0,0,0,0,0
"736",0,736,"$1Mto$10M",0,0,0,0,1,0,0,0,0
"737",0,737,"$50Mto$100M",0,0,0,0,0,0,1,0,0
"738",0,738,"$10Mto$50M",0,0,1,0,0,0,0,0,0
"739",0,739,"$1Mto$10M",0,0,0,0,1,0,0,0,0
"740",0,740,"$50Mto$100M",0,0,0,0,0,0,1,0,0
"741",0,741,"$1Mto$10M",0,0,0,0,1,0,0,0,0
"742",0,742,"$1Mto$10M",0,0,0,0,1,0,0,0,0
"743",0,743,"$1Bto$10B",0,0,0,1,0,0,0,0,0
"744",0,744,"$1Mto$10M",0,0,0,0,1,0,0,0,0
"745",0,745,"$10Mto$50M",0,0,1,0,0,0,0,0,0
"746",0,746,"Lessthan$1M",0,0,0,0,0,0,0,1,0
"747",0,747,"$1Mto$10M",0,0,0,0,1,0,0,0,0
"748",0,748,"$50Mto$100M",0,0,0,0,0,0,1,0,0
"749",0,749,"Lessthan$1M",0,0,0,0,0,0,0,1,0
"750",0,750,"$1Mto$10M",0,0,0,0,1,0,0,0,0
"751",0,751,"$1Mto$10M",0,0,0,0,1,0,0,0,0
"752",0,752,"$1Mto$10M",0,0,0,0,1,0,0,0,0
"753",0,753,"$1Mto$10M",0,0,0,0,1,0,0,0,0
"754",0,754,"$1Mto$10M",0,0,0,0,1,0,0,0,0
"755",0,755,"$10Mto$50M",0,0,1,0,0,0,0,0,0
"756",0,756,"Lessthan$1M",0,0,0,0,0,0,0,1,0
"757",0,757,"$1Mto$10M",0,0,0,0,1,0,0,0,0
"758",0,758,"$1Mto$10M",0,0,0,0,1,0,0,0,0
"759",0,759,"$1Mto$10M",0,0,0,0,1,0,0,0,0
"760",0,760,"$10Mto$50M",0,0,1,0,0,0,0,0,0
"761",0,761,"Lessthan$1M",0,0,0,0,0,0,0,1,0
"762",0,762,"$1Mto$10M",0,0,0,0,1,0,0,0,0
"763",0,763,"$1Mto$10M",0,0,0,0,1,0,0,0,0
"764",0,764,"$1Mto$10M",0,0,0,0,1,0,0,0,0
"765",0,765,"$1Mto$10M",0,0,0,0,1,0,0,0,0
"766",0,766,"$10Mto$50M",0,0,1,0,0,0,0,0,0
"767",0,767,"Lessthan$1M",0,0,0,0,0,0,0,1,0
"768",0,768,"Lessthan$1M",0,0,0,0,0,0,0,1,0
"769",0,769,"$1Mto$10M",0,0,0,0,1,0,0,0,0
"770",0,770,"$10Mto$50M",0,0,1,0,0,0,0,0,0
"771",0,771,"Lessthan$1M",0,0,0,0,0,0,0,1,0
"772",0,772,"$1Mto$10M",0,0,0,0,1,0,0,0,0
"773",0,773,"$10Mto$50M",0,0,1,0,0,0,0,0,0
"774",0,774,"$1Mto$10M",0,0,0,0,1,0,0,0,0
"775",0,775,"$1Mto$10M",0,0,0,0,1,0,0,0,0
"776",0,776,"$100Mto$500M",1,0,0,0,0,0,0,0,0
"777",0,777,"$1Mto$10M",0,0,0,0,1,0,0,0,0
"778",0,778,"$1Mto$10M",0,0,0,0,1,0,0,0,0
"779",0,779,"$500Mto$1B",0,0,0,0,0,1,0,0,0
"780",0,780,"$50Mto$100M",0,0,0,0,0,0,1,0,0
"781",0,781,"$1Mto$10M",0,0,0,0,1,0,0,0,0
"782",0,782,"$1Mto$10M",0,0,0,0,1,0,0,0,0
"783",0,783,"$1Mto$10M",0,0,0,0,1,0,0,0,0
"784",0,784,"$1Mto$10M",0,0,0,0,1,0,0,0,0
"785",0,785,"$1Mto$10M",0,0,0,0,1,0,0,0,0
"786",0,786,"$1Mto$10M",0,0,0,0,1,0,0,0,0
"787",0,787,"$1Mto$10M",0,0,0,0,1,0,0,0,0
"788",0,788,"$1Mto$10M",0,0,0,0,1,0,0,0,0
"789",0,789,"$1Mto$10M",0,0,0,0,1,0,0,0,0
"790",0,790,"$1Mto$10M",0,0,0,0,1,0,0,0,0
"791",0,791,"Lessthan$1M",0,0,0,0,0,0,0,1,0
"792",0,792,"$10Mto$50M",0,0,1,0,0,0,0,0,0
"793",0,793,"Lessthan$1M",0,0,0,0,0,0,0,1,0
"794",0,794,"$1Mto$10M",0,0,0,0,1,0,0,0,0
"795",0,795,"$10Mto$50M",0,0,1,0,0,0,0,0,0
"796",0,796,"$1Mto$10M",0,0,0,0,1,0,0,0,0
"797",0,797,"$50Mto$100M",0,0,0,0,0,0,1,0,0
"798",0,798,"$1Mto$10M",0,0,0,0,1,0,0,0,0
"799",0,799,"Lessthan$1M",0,0,0,0,0,0,0,1,0
"800",0,800,"$1Mto$10M",0,0,0,0,1,0,0,0,0
"801",0,801,"$1Mto$10M",0,0,0,0,1,0,0,0,0
"802",0,802,"$1Mto$10M",0,0,0,0,1,0,0,0,0
"803",0,803,"$1Mto$10M",0,0,0,0,1,0,0,0,0
"804",0,804,"$1Mto$10M",0,0,0,0,1,0,0,0,0
"805",0,805,"$1Mto$10M",0,0,0,0,1,0,0,0,0
"806",0,806,"$1Mto$10M",0,0,0,0,1,0,0,0,0
"807",0,807,"$100Mto$500M",1,0,0,0,0,0,0,0,0
"808",0,808,"$1Mto$10M",0,0,0,0,1,0,0,0,0
"809",0,809,"$10Mto$50M",0,0,1,0,0,0,0,0,0
"810",0,810,"Lessthan$1M",0,0,0,0,0,0,0,1,0
"811",0,811,"Lessthan$1M",0,0,0,0,0,0,0,1,0
"812",0,812,"$10Mto$50M",0,0,1,0,0,0,0,0,0
"813",0,813,"$10Mto$50M",0,0,1,0,0,0,0,0,0
"814",0,814,"$1Mto$10M",0,0,0,0,1,0,0,0,0
"815",0,815,"$1Mto$10M",0,0,0,0,1,0,0,0,0
"816",0,816,"$1Mto$10M",0,0,0,0,1,0,0,0,0
"817",0,817,"$50Mto$100M",0,0,0,0,0,0,1,0,0
"818",0,818,"Lessthan$1M",0,0,0,0,0,0,0,1,0
"819",0,819,"$100Mto$500M",1,0,0,0,0,0,0,0,0
"820",0,820,"$1Mto$10M",0,0,0,0,1,0,0,0,0
"821",0,821,"$1Mto$10M",0,0,0,0,1,0,0,0,0
"822",0,822,"Lessthan$1M",0,0,0,0,0,0,0,1,0
"823",0,823,"$1Mto$10M",0,0,0,0,1,0,0,0,0
"824",0,824,"$10Mto$50M",0,0,1,0,0,0,0,0,0
"825",0,825,"$10Mto$50M",0,0,1,0,0,0,0,0,0
"826",0,826,"$10Mto$50M",0,0,1,0,0,0,0,0,0
"827",0,827,"$1Mto$10M",0,0,0,0,1,0,0,0,0
"828",0,828,"Lessthan$1M",0,0,0,0,0,0,0,1,0
"829",0,829,"$1Mto$10M",0,0,0,0,1,0,0,0,0
"830",0,830,"$1Mto$10M",0,0,0,0,1,0,0,0,0
"831",0,831,"$1Mto$10M",0,0,0,0,1,0,0,0,0
"832",0,832,"$50Mto$100M",0,0,0,0,0,0,1,0,0
"833",0,833,"$1Mto$10M",0,0,0,0,1,0,0,0,0
"834",0,834,"$1Mto$10M",0,0,0,0,1,0,0,0,0
"835",0,835,"$10Mto$50M",0,0,1,0,0,0,0,0,0
"836",0,836,"Lessthan$1M",0,0,0,0,0,0,0,1,0
"837",0,837,"$1Mto$10M",0,0,0,0,1,0,0,0,0
"838",0,838,"$10Mto$50M",0,0,1,0,0,0,0,0,0
"839",0,839,"$10Mto$50M",0,0,1,0,0,0,0,0,0
"840",0,840,"$1Mto$10M",0,0,0,0,1,0,0,0,0
"841",0,841,"$1Mto$10M",0,0,0,0,1,0,0,0,0
"842",0,842,"$1Bto$10B",0,0,0,1,0,0,0,0,0
"843",0,843,"$100Mto$500M",1,0,0,0,0,0,0,0,0
"844",0,844,"$1Mto$10M",0,0,0,0,1,0,0,0,0
"845",0,845,"$1Mto$10M",0,0,0,0,1,0,0,0,0
"846",0,846,"$10Mto$50M",0,0,1,0,0,0,0,0,0
"847",0,847,"$50Mto$100M",0,0,0,0,0,0,1,0,0
"848",0,848,"$10Mto$50M",0,0,1,0,0,0,0,0,0
"849",0,849,"$1Mto$10M",0,0,0,0,1,0,0,0,0
"850",0,850,"$10Mto$50M",0,0,1,0,0,0,0,0,0
"851",0,851,"Lessthan$1M",0,0,0,0,0,0,0,1,0
"852",0,852,"$10Mto$50M",0,0,1,0,0,0,0,0,0
"853",0,853,"$1Mto$10M",0,0,0,0,1,0,0,0,0
"854",0,854,"$10Mto$50M",0,0,1,0,0,0,0,0,0
"855",0,855,"$1Mto$10M",0,0,0,0,1,0,0,0,0
"856",0,856,"$50Mto$100M",0,0,0,0,0,0,1,0,0
"857",0,857,"$100Mto$500M",1,0,0,0,0,0,0,0,0
"858",0,858,"$10Mto$50M",0,0,1,0,0,0,0,0,0
"859",0,859,"$1Mto$10M",0,0,0,0,1,0,0,0,0
"860",0,860,"$1Mto$10M",0,0,0,0,1,0,0,0,0
"861",0,861,"$10Mto$50M",0,0,1,0,0,0,0,0,0
"862",0,862,"$500Mto$1B",0,0,0,0,0,1,0,0,0
"863",0,863,"$1Mto$10M",0,0,0,0,1,0,0,0,0
"864",0,864,"$1Mto$10M",0,0,0,0,1,0,0,0,0
"865",0,865,"$1Mto$10M",0,0,0,0,1,0,0,0,0
"866",0,866,"Lessthan$1M",0,0,0,0,0,0,0,1,0
"867",0,867,"$1Mto$10M",0,0,0,0,1,0,0,0,0
"868",0,868,"$1Mto$10M",0,0,0,0,1,0,0,0,0
"869",0,869,"$1Mto$10M",0,0,0,0,1,0,0,0,0
"870",0,870,NA,NA,NA,NA,NA,NA,NA,NA,NA,1
"871",0,871,"Lessthan$1M",0,0,0,0,0,0,0,1,0
"872",0,872,"$1Mto$10M",0,0,0,0,1,0,0,0,0
"873",0,873,"$10Mto$50M",0,0,1,0,0,0,0,0,0
"874",0,874,"$1Mto$10M",0,0,0,0,1,0,0,0,0
"875",0,875,"Lessthan$1M",0,0,0,0,0,0,0,1,0
"876",0,876,"$1Mto$10M",0,0,0,0,1,0,0,0,0
"877",0,877,"$1Mto$10M",0,0,0,0,1,0,0,0,0
"878",0,878,"$1Mto$10M",0,0,0,0,1,0,0,0,0
"879",0,879,"$1Mto$10M",0,0,0,0,1,0,0,0,0
"880",0,880,"$1Mto$10M",0,0,0,0,1,0,0,0,0
"881",0,881,"$1Mto$10M",0,0,0,0,1,0,0,0,0
"882",0,882,"Lessthan$1M",0,0,0,0,0,0,0,1,0
"883",0,883,"$1Mto$10M",0,0,0,0,1,0,0,0,0
"884",0,884,"$1Mto$10M",0,0,0,0,1,0,0,0,0
"885",0,885,"$10Mto$50M",0,0,1,0,0,0,0,0,0
"886",0,886,"Lessthan$1M",0,0,0,0,0,0,0,1,0
"887",0,887,"$1Mto$10M",0,0,0,0,1,0,0,0,0
"888",0,888,"$1Mto$10M",0,0,0,0,1,0,0,0,0
"889",0,889,"$1Mto$10M",0,0,0,0,1,0,0,0,0
"890",0,890,"$10Mto$50M",0,0,1,0,0,0,0,0,0
"891",0,891,"$1Mto$10M",0,0,0,0,1,0,0,0,0
"892",0,892,"$1Mto$10M",0,0,0,0,1,0,0,0,0
"893",0,893,"$1Mto$10M",0,0,0,0,1,0,0,0,0
"894",0,894,"$1Mto$10M",0,0,0,0,1,0,0,0,0
"895",0,895,"$1Mto$10M",0,0,0,0,1,0,0,0,0
"896",0,896,"$1Mto$10M",0,0,0,0,1,0,0,0,0
"897",0,897,"$1Mto$10M",0,0,0,0,1,0,0,0,0
"898",0,898,"$1Mto$10M",0,0,0,0,1,0,0,0,0
"899",0,899,"$10Mto$50M",0,0,1,0,0,0,0,0,0
"900",0,900,"$1Mto$10M",0,0,0,0,1,0,0,0,0
"901",0,901,"$1Mto$10M",0,0,0,0,1,0,0,0,0
"902",0,902,"$1Mto$10M",0,0,0,0,1,0,0,0,0
"903",0,903,"Lessthan$1M",0,0,0,0,0,0,0,1,0
"904",0,904,"$10Mto$50M",0,0,1,0,0,0,0,0,0
"905",0,905,"$1Mto$10M",0,0,0,0,1,0,0,0,0
"906",0,906,"$10Mto$50M",0,0,1,0,0,0,0,0,0
"907",0,907,"$10Mto$50M",0,0,1,0,0,0,0,0,0
"908",0,908,"Lessthan$1M",0,0,0,0,0,0,0,1,0
"909",0,909,"$1Mto$10M",0,0,0,0,1,0,0,0,0
"910",0,910,"$1Mto$10M",0,0,0,0,1,0,0,0,0
"911",0,911,"Lessthan$1M",0,0,0,0,0,0,0,1,0
"912",0,912,"$1Mto$10M",0,0,0,0,1,0,0,0,0
"913",0,913,"$10Mto$50M",0,0,1,0,0,0,0,0,0
"914",0,914,"Lessthan$1M",0,0,0,0,0,0,0,1,0
"915",0,915,"$1Mto$10M",0,0,0,0,1,0,0,0,0
"916",0,916,"$1Mto$10M",0,0,0,0,1,0,0,0,0
"917",0,917,"$1Mto$10M",0,0,0,0,1,0,0,0,0
"918",0,918,"$1Mto$10M",0,0,0,0,1,0,0,0,0
"919",0,919,"$1Mto$10M",0,0,0,0,1,0,0,0,0
"920",0,920,"$1Mto$10M",0,0,0,0,1,0,0,0,0
"921",0,921,"$10Mto$50M",0,0,1,0,0,0,0,0,0
"922",0,922,"Lessthan$1M",0,0,0,0,0,0,0,1,0
"923",0,923,"$1Mto$10M",0,0,0,0,1,0,0,0,0
"924",0,924,"$100Mto$500M",1,0,0,0,0,0,0,0,0
"925",0,925,"$10Mto$50M",0,0,1,0,0,0,0,0,0
"926",0,926,"Lessthan$1M",0,0,0,0,0,0,0,1,0
"927",0,927,"Lessthan$1M",0,0,0,0,0,0,0,1,0
"928",0,928,"$1Mto$10M",0,0,0,0,1,0,0,0,0
"929",0,929,"Lessthan$1M",0,0,0,0,0,0,0,1,0
"930",0,930,"$1Mto$10M",0,0,0,0,1,0,0,0,0
"931",0,931,"$1Mto$10M",0,0,0,0,1,0,0,0,0
"932",0,932,"$10Mto$50M",0,0,1,0,0,0,0,0,0
"933",0,933,"$1Mto$10M",0,0,0,0,1,0,0,0,0
"934",0,934,"Lessthan$1M",0,0,0,0,0,0,0,1,0
"935",0,935,"$1Mto$10M",0,0,0,0,1,0,0,0,0
"936",0,936,"$10Mto$50M",0,0,1,0,0,0,0,0,0
"937",0,937,"$1Mto$10M",0,0,0,0,1,0,0,0,0
"938",0,938,"$500Mto$1B",0,0,0,0,0,1,0,0,0
"939",0,939,"$10Mto$50M",0,0,1,0,0,0,0,0,0
"940",0,940,"$1Mto$10M",0,0,0,0,1,0,0,0,0
"941",0,941,"$10Mto$50M",0,0,1,0,0,0,0,0,0
"942",0,942,"$1Mto$10M",0,0,0,0,1,0,0,0,0
"943",0,943,"$1Mto$10M",0,0,0,0,1,0,0,0,0
"944",0,944,"$1Mto$10M",0,0,0,0,1,0,0,0,0
"945",0,945,"$1Mto$10M",0,0,0,0,1,0,0,0,0
"946",0,946,"$10Mto$50M",0,0,1,0,0,0,0,0,0
"947",0,947,"$10Mto$50M",0,0,1,0,0,0,0,0,0
"948",0,948,"Lessthan$1M",0,0,0,0,0,0,0,1,0
"949",0,949,"$1Mto$10M",0,0,0,0,1,0,0,0,0
"950",0,950,"$1Mto$10M",0,0,0,0,1,0,0,0,0
"951",0,951,"$1Mto$10M",0,0,0,0,1,0,0,0,0
"952",0,952,"$1Mto$10M",0,0,0,0,1,0,0,0,0
"953",0,953,"$1Mto$10M",0,0,0,0,1,0,0,0,0
"954",0,954,"$10Mto$50M",0,0,1,0,0,0,0,0,0
"955",0,955,"Lessthan$1M",0,0,0,0,0,0,0,1,0
"956",0,956,"$10Mto$50M",0,0,1,0,0,0,0,0,0
"957",0,957,"$50Mto$100M",0,0,0,0,0,0,1,0,0
"958",0,958,"$10Mto$50M",0,0,1,0,0,0,0,0,0
"959",0,959,"$1Mto$10M",0,0,0,0,1,0,0,0,0
"960",0,960,"$1Mto$10M",0,0,0,0,1,0,0,0,0
"961",0,961,"$1Mto$10M",0,0,0,0,1,0,0,0,0
"962",0,962,"$1Mto$10M",0,0,0,0,1,0,0,0,0
"963",0,963,"$1Mto$10M",0,0,0,0,1,0,0,0,0
"964",0,964,"$1Mto$10M",0,0,0,0,1,0,0,0,0
"965",0,965,"$1Mto$10M",0,0,0,0,1,0,0,0,0
"966",0,966,"$10Mto$50M",0,0,1,0,0,0,0,0,0
"967",0,967,"Lessthan$1M",0,0,0,0,0,0,0,1,0
"968",0,968,"Lessthan$1M",0,0,0,0,0,0,0,1,0
"969",0,969,"$1Mto$10M",0,0,0,0,1,0,0,0,0
"970",0,970,"$10Mto$50M",0,0,1,0,0,0,0,0,0
"971",0,971,"$1Mto$10M",0,0,0,0,1,0,0,0,0
"972",0,972,"$1Mto$10M",0,0,0,0,1,0,0,0,0
"973",0,973,"$10Mto$50M",0,0,1,0,0,0,0,0,0
"974",0,974,"$1Mto$10M",0,0,0,0,1,0,0,0,0
"975",0,975,"$1Mto$10M",0,0,0,0,1,0,0,0,0
"976",0,976,"$1Mto$10M",0,0,0,0,1,0,0,0,0
"977",0,977,"$1Mto$10M",0,0,0,0,1,0,0,0,0
"978",0,978,"$1Mto$10M",0,0,0,0,1,0,0,0,0
"979",0,979,"$50Mto$100M",0,0,0,0,0,0,1,0,0
"980",0,980,"$10Mto$50M",0,0,1,0,0,0,0,0,0
"981",0,981,"$1Mto$10M",0,0,0,0,1,0,0,0,0
"982",0,982,"$10Mto$50M",0,0,1,0,0,0,0,0,0
"983",0,983,"$1Mto$10M",0,0,0,0,1,0,0,0,0
"984",0,984,"$10Mto$50M",0,0,1,0,0,0,0,0,0
"985",0,985,"Lessthan$1M",0,0,0,0,0,0,0,1,0
"986",0,986,"Lessthan$1M",0,0,0,0,0,0,0,1,0
"987",0,987,"$1Mto$10M",0,0,0,0,1,0,0,0,0
"988",0,988,"$1Mto$10M",0,0,0,0,1,0,0,0,0
"989",0,989,"$1Mto$10M",0,0,0,0,1,0,0,0,0
"990",0,990,"$1Mto$10M",0,0,0,0,1,0,0,0,0
"991",0,991,"$1Mto$10M",0,0,0,0,1,0,0,0,0
"992",0,992,"Lessthan$1M",0,0,0,0,0,0,0,1,0
"993",0,993,"$1Mto$10M",0,0,0,0,1,0,0,0,0
"994",0,994,"$1Mto$10M",0,0,0,0,1,0,0,0,0
"995",0,995,"Lessthan$1M",0,0,0,0,0,0,0,1,0
"996",0,996,"$1Mto$10M",0,0,0,0,1,0,0,0,0
"997",0,997,"$100Mto$500M",1,0,0,0,0,0,0,0,0
"998",0,998,"$1Mto$10M",0,0,0,0,1,0,0,0,0
"999",0,999,"$1Mto$10M",0,0,0,0,1,0,0,0,0
"1000",0,1000,"$1Mto$10M",0,0,0,0,1,0,0,0,0
"1001",0,1001,"$10Mto$50M",0,0,1,0,0,0,0,0,0
"1002",0,1002,"$1Mto$10M",0,0,0,0,1,0,0,0,0
"1003",0,1003,"$1Mto$10M",0,0,0,0,1,0,0,0,0
"1004",0,1004,"$10Mto$50M",0,0,1,0,0,0,0,0,0
"1005",0,1005,"$1Mto$10M",0,0,0,0,1,0,0,0,0
"1006",0,1006,"$1Mto$10M",0,0,0,0,1,0,0,0,0
"1007",0,1007,"$1Mto$10M",0,0,0,0,1,0,0,0,0
"1008",0,1008,"$1Mto$10M",0,0,0,0,1,0,0,0,0
"1009",0,1009,"$10Mto$50M",0,0,1,0,0,0,0,0,0
"1010",0,1010,"Lessthan$1M",0,0,0,0,0,0,0,1,0
"1011",0,1011,"Lessthan$1M",0,0,0,0,0,0,0,1,0
"1012",0,1012,"$1Mto$10M",0,0,0,0,1,0,0,0,0
"1013",0,1013,"$1Mto$10M",0,0,0,0,1,0,0,0,0
"1014",0,1014,"$1Mto$10M",0,0,0,0,1,0,0,0,0
"1015",0,1015,"$1Mto$10M",0,0,0,0,1,0,0,0,0
"1016",0,1016,"$1Mto$10M",0,0,0,0,1,0,0,0,0
"1017",0,1017,"$1Mto$10M",0,0,0,0,1,0,0,0,0
"1018",0,1018,"$1Mto$10M",0,0,0,0,1,0,0,0,0
"1019",0,1019,"$100Mto$500M",1,0,0,0,0,0,0,0,0
"1020",0,1020,"$10Mto$50M",0,0,1,0,0,0,0,0,0
"1021",0,1021,"$1Mto$10M",0,0,0,0,1,0,0,0,0
"1022",0,1022,"Lessthan$1M",0,0,0,0,0,0,0,1,0
"1023",0,1023,"$1Mto$10M",0,0,0,0,1,0,0,0,0
"1024",0,1024,"$1Mto$10M",0,0,0,0,1,0,0,0,0
"1025",0,1025,"$1Mto$10M",0,0,0,0,1,0,0,0,0
"1026",0,1026,"$1Mto$10M",0,0,0,0,1,0,0,0,0
"1027",0,1027,"$1Mto$10M",0,0,0,0,1,0,0,0,0
"1028",0,1028,"$1Mto$10M",0,0,0,0,1,0,0,0,0
"1029",0,1029,"Lessthan$1M",0,0,0,0,0,0,0,1,0
"1030",0,1030,"$1Mto$10M",0,0,0,0,1,0,0,0,0
"1031",0,1031,"$1Mto$10M",0,0,0,0,1,0,0,0,0
"1032",0,1032,"Lessthan$1M",0,0,0,0,0,0,0,1,0
"1033",0,1033,"$1Mto$10M",0,0,0,0,1,0,0,0,0
"1034",0,1034,"$1Mto$10M",0,0,0,0,1,0,0,0,0
"1035",0,1035,"$1Mto$10M",0,0,0,0,1,0,0,0,0
"1036",0,1036,"Lessthan$1M",0,0,0,0,0,0,0,1,0
"1037",0,1037,"$1Mto$10M",0,0,0,0,1,0,0,0,0
"1038",0,1038,"$1Mto$10M",0,0,0,0,1,0,0,0,0
"1039",0,1039,"$100Mto$500M",1,0,0,0,0,0,0,0,0
"1040",0,1040,"Lessthan$1M",0,0,0,0,0,0,0,1,0
"1041",0,1041,"$1Mto$10M",0,0,0,0,1,0,0,0,0
"1042",0,1042,"Lessthan$1M",0,0,0,0,0,0,0,1,0
"1043",0,1043,"$1Mto$10M",0,0,0,0,1,0,0,0,0
"1044",0,1044,"$50Mto$100M",0,0,0,0,0,0,1,0,0
"1045",0,1045,"$50Mto$100M",0,0,0,0,0,0,1,0,0
"1046",0,1046,"$10Mto$50M",0,0,1,0,0,0,0,0,0
"1047",0,1047,"$100Mto$500M",1,0,0,0,0,0,0,0,0
"1048",0,1048,"$1Mto$10M",0,0,0,0,1,0,0,0,0
"1049",0,1049,"$1Mto$10M",0,0,0,0,1,0,0,0,0
"1050",0,1050,"Lessthan$1M",0,0,0,0,0,0,0,1,0
"1051",0,1051,"$1Mto$10M",0,0,0,0,1,0,0,0,0
"1052",0,1052,"Lessthan$1M",0,0,0,0,0,0,0,1,0
"1053",0,1053,"$10Mto$50M",0,0,1,0,0,0,0,0,0
"1054",0,1054,"$100Mto$500M",1,0,0,0,0,0,0,0,0
"1055",0,1055,"Lessthan$1M",0,0,0,0,0,0,0,1,0
"1056",0,1056,"$500Mto$1B",0,0,0,0,0,1,0,0,0
"1057",0,1057,"$50Mto$100M",0,0,0,0,0,0,1,0,0
"1058",0,1058,"Lessthan$1M",0,0,0,0,0,0,0,1,0
"1059",0,1059,"$1Mto$10M",0,0,0,0,1,0,0,0,0
"1060",0,1060,"$1Mto$10M",0,0,0,0,1,0,0,0,0
"1061",0,1061,"Lessthan$1M",0,0,0,0,0,0,0,1,0
"1062",0,1062,"Lessthan$1M",0,0,0,0,0,0,0,1,0
"1063",0,1063,"$100Mto$500M",1,0,0,0,0,0,0,0,0
"1064",0,1064,"$1Mto$10M",0,0,0,0,1,0,0,0,0
"1065",0,1065,"$1Mto$10M",0,0,0,0,1,0,0,0,0
"1066",0,1066,"Lessthan$1M",0,0,0,0,0,0,0,1,0
"1067",0,1067,"$10Mto$50M",0,0,1,0,0,0,0,0,0
"1068",0,1068,"Lessthan$1M",0,0,0,0,0,0,0,1,0
"1069",0,1069,"$1Mto$10M",0,0,0,0,1,0,0,0,0
"1070",0,1070,"Lessthan$1M",0,0,0,0,0,0,0,1,0
"1071",0,1071,"$1Mto$10M",0,0,0,0,1,0,0,0,0
"1072",0,1072,"$50Mto$100M",0,0,0,0,0,0,1,0,0
"1073",0,1073,"$1Mto$10M",0,0,0,0,1,0,0,0,0
"1074",0,1074,"$1Mto$10M",0,0,0,0,1,0,0,0,0
"1075",0,1075,"$1Mto$10M",0,0,0,0,1,0,0,0,0
"1076",0,1076,"$10Mto$50M",0,0,1,0,0,0,0,0,0
"1077",0,1077,"$1Mto$10M",0,0,0,0,1,0,0,0,0
"1078",0,1078,"Lessthan$1M",0,0,0,0,0,0,0,1,0
"1079",0,1079,"Lessthan$1M",0,0,0,0,0,0,0,1,0
"1080",0,1080,"$10Mto$50M",0,0,1,0,0,0,0,0,0
"1081",0,1081,"$1Bto$10B",0,0,0,1,0,0,0,0,0
"1082",0,1082,"$10Mto$50M",0,0,1,0,0,0,0,0,0
"1083",0,1083,"$1Mto$10M",0,0,0,0,1,0,0,0,0
"1084",0,1084,"Lessthan$1M",0,0,0,0,0,0,0,1,0
"1085",0,1085,"$1Mto$10M",0,0,0,0,1,0,0,0,0
"1086",0,1086,"Lessthan$1M",0,0,0,0,0,0,0,1,0
"1087",0,1087,"$100Mto$500M",1,0,0,0,0,0,0,0,0
"1088",0,1088,"$50Mto$100M",0,0,0,0,0,0,1,0,0
"1089",0,1089,"$1Mto$10M",0,0,0,0,1,0,0,0,0
"1090",0,1090,"Lessthan$1M",0,0,0,0,0,0,0,1,0
"1091",0,1091,"$1Mto$10M",0,0,0,0,1,0,0,0,0
"1092",0,1092,"$10Mto$50M",0,0,1,0,0,0,0,0,0
"1093",0,1093,"$1Mto$10M",0,0,0,0,1,0,0,0,0
"1094",0,1094,"Lessthan$1M",0,0,0,0,0,0,0,1,0
"1095",0,1095,"Lessthan$1M",0,0,0,0,0,0,0,1,0
"1096",0,1096,"$1Mto$10M",0,0,0,0,1,0,0,0,0
"1097",0,1097,"$1Mto$10M",0,0,0,0,1,0,0,0,0
"1098",0,1098,"Lessthan$1M",0,0,0,0,0,0,0,1,0
"1099",0,1099,"$1Mto$10M",0,0,0,0,1,0,0,0,0
"1100",0,1100,"$1Mto$10M",0,0,0,0,1,0,0,0,0
"1101",0,1101,"Lessthan$1M",0,0,0,0,0,0,0,1,0
"1102",0,1102,"Lessthan$1M",0,0,0,0,0,0,0,1,0
"1103",0,1103,"$1Mto$10M",0,0,0,0,1,0,0,0,0
"1104",0,1104,"$10Mto$50M",0,0,1,0,0,0,0,0,0
"1105",0,1105,"Lessthan$1M",0,0,0,0,0,0,0,1,0
"1106",0,1106,"$100Mto$500M",1,0,0,0,0,0,0,0,0
"1107",0,1107,NA,NA,NA,NA,NA,NA,NA,NA,NA,1
"1108",0,1108,"$50Mto$100M",0,0,0,0,0,0,1,0,0
"1109",0,1109,"Lessthan$1M",0,0,0,0,0,0,0,1,0
"1110",0,1110,"$10Mto$50M",0,0,1,0,0,0,0,0,0
"1111",0,1111,"Lessthan$1M",0,0,0,0,0,0,0,1,0
"1112",0,1112,"$1Mto$10M",0,0,0,0,1,0,0,0,0
"1113",0,1113,"$1Mto$10M",0,0,0,0,1,0,0,0,0
"1114",0,1114,"$1Mto$10M",0,0,0,0,1,0,0,0,0
"1115",0,1115,"$1Mto$10M",0,0,0,0,1,0,0,0,0
"1116",0,1116,"$1Mto$10M",0,0,0,0,1,0,0,0,0
"1117",0,1117,"$1Mto$10M",0,0,0,0,1,0,0,0,0
"1118",0,1118,"Lessthan$1M",0,0,0,0,0,0,0,1,0
"1119",0,1119,"Lessthan$1M",0,0,0,0,0,0,0,1,0
"1120",0,1120,"$100Mto$500M",1,0,0,0,0,0,0,0,0
"1121",0,1121,"$1Mto$10M",0,0,0,0,1,0,0,0,0
"1122",0,1122,"$1Mto$10M",0,0,0,0,1,0,0,0,0
"1123",0,1123,"Lessthan$1M",0,0,0,0,0,0,0,1,0
"1124",0,1124,"$50Mto$100M",0,0,0,0,0,0,1,0,0
"1125",0,1125,"$50Mto$100M",0,0,0,0,0,0,1,0,0
"1126",0,1126,"$1Mto$10M",0,0,0,0,1,0,0,0,0
"1127",0,1127,"Lessthan$1M",0,0,0,0,0,0,0,1,0
"1128",0,1128,"$1Mto$10M",0,0,0,0,1,0,0,0,0
"1129",0,1129,"$1Mto$10M",0,0,0,0,1,0,0,0,0
"1130",0,1130,"$1Mto$10M",0,0,0,0,1,0,0,0,0
"1131",0,1131,"$1Mto$10M",0,0,0,0,1,0,0,0,0
"1132",0,1132,"$1Mto$10M",0,0,0,0,1,0,0,0,0
"1133",0,1133,"$1Mto$10M",0,0,0,0,1,0,0,0,0
"1134",0,1134,"$10Mto$50M",0,0,1,0,0,0,0,0,0
"1135",0,1135,"Lessthan$1M",0,0,0,0,0,0,0,1,0
"1136",0,1136,"$1Mto$10M",0,0,0,0,1,0,0,0,0
"1137",0,1137,"$100Mto$500M",1,0,0,0,0,0,0,0,0
"1138",0,1138,"$10Mto$50M",0,0,1,0,0,0,0,0,0
"1139",0,1139,"$10Mto$50M",0,0,1,0,0,0,0,0,0
"1140",0,1140,"$1Mto$10M",0,0,0,0,1,0,0,0,0
"1141",0,1141,"Lessthan$1M",0,0,0,0,0,0,0,1,0
"1142",0,1142,"$1Mto$10M",0,0,0,0,1,0,0,0,0
"1143",0,1143,"$1Mto$10M",0,0,0,0,1,0,0,0,0
"1144",0,1144,"$1Mto$10M",0,0,0,0,1,0,0,0,0
"1145",0,1145,"$10Mto$50M",0,0,1,0,0,0,0,0,0
"1146",0,1146,"$10Mto$50M",0,0,1,0,0,0,0,0,0
"1147",0,1147,"$1Mto$10M",0,0,0,0,1,0,0,0,0
"1148",0,1148,"$1Mto$10M",0,0,0,0,1,0,0,0,0
"1149",0,1149,"$1Mto$10M",0,0,0,0,1,0,0,0,0
"1150",0,1150,"Lessthan$1M",0,0,0,0,0,0,0,1,0
"1151",0,1151,"$1Mto$10M",0,0,0,0,1,0,0,0,0
"1152",0,1152,"Lessthan$1M",0,0,0,0,0,0,0,1,0
"1153",0,1153,"$10Mto$50M",0,0,1,0,0,0,0,0,0
"1154",0,1154,"$1Mto$10M",0,0,0,0,1,0,0,0,0
"1155",0,1155,"$10Mto$50M",0,0,1,0,0,0,0,0,0
"1156",0,1156,"Lessthan$1M",0,0,0,0,0,0,0,1,0
"1157",0,1157,"$10Mto$50M",0,0,1,0,0,0,0,0,0
"1158",0,1158,"Lessthan$1M",0,0,0,0,0,0,0,1,0
"1159",0,1159,"Lessthan$1M",0,0,0,0,0,0,0,1,0
"1160",0,1160,"$1Mto$10M",0,0,0,0,1,0,0,0,0
"1161",0,1161,"$1Mto$10M",0,0,0,0,1,0,0,0,0
"1162",0,1162,"$100Mto$500M",1,0,0,0,0,0,0,0,0
"1163",0,1163,"$10Mto$50M",0,0,1,0,0,0,0,0,0
"1164",0,1164,"$10Mto$50M",0,0,1,0,0,0,0,0,0
"1165",0,1165,"$1Mto$10M",0,0,0,0,1,0,0,0,0
"1166",0,1166,"$1Mto$10M",0,0,0,0,1,0,0,0,0
"1167",0,1167,"$1Mto$10M",0,0,0,0,1,0,0,0,0
"1168",0,1168,"Lessthan$1M",0,0,0,0,0,0,0,1,0
"1169",0,1169,"$1Mto$10M",0,0,0,0,1,0,0,0,0
"1170",0,1170,"$10Mto$50M",0,0,1,0,0,0,0,0,0
"1171",0,1171,"$1Mto$10M",0,0,0,0,1,0,0,0,0
"1172",0,1172,"Lessthan$1M",0,0,0,0,0,0,0,1,0
"1173",0,1173,"$1Mto$10M",0,0,0,0,1,0,0,0,0
"1174",0,1174,"$1Mto$10M",0,0,0,0,1,0,0,0,0
"1175",0,1175,"$1Mto$10M",0,0,0,0,1,0,0,0,0
"1176",0,1176,"$1Mto$10M",0,0,0,0,1,0,0,0,0
"1177",0,1177,"$1Mto$10M",0,0,0,0,1,0,0,0,0
"1178",0,1178,"$1Mto$10M",0,0,0,0,1,0,0,0,0
"1179",0,1179,"$1Mto$10M",0,0,0,0,1,0,0,0,0
"1180",0,1180,"$1Mto$10M",0,0,0,0,1,0,0,0,0
"1181",0,1181,"$1Mto$10M",0,0,0,0,1,0,0,0,0
"1182",0,1182,"$1Mto$10M",0,0,0,0,1,0,0,0,0
"1183",0,1183,"$1Mto$10M",0,0,0,0,1,0,0,0,0
"1184",0,1184,"$10Mto$50M",0,0,1,0,0,0,0,0,0
"1185",0,1185,"$10Mto$50M",0,0,1,0,0,0,0,0,0
"1186",0,1186,"$10Mto$50M",0,0,1,0,0,0,0,0,0
"1187",0,1187,"$10Mto$50M",0,0,1,0,0,0,0,0,0
"1188",0,1188,"$1Mto$10M",0,0,0,0,1,0,0,0,0
"1189",0,1189,"Lessthan$1M",0,0,0,0,0,0,0,1,0
"1190",0,1190,"Lessthan$1M",0,0,0,0,0,0,0,1,0
"1191",0,1191,"$1Mto$10M",0,0,0,0,1,0,0,0,0
"1192",0,1192,"Lessthan$1M",0,0,0,0,0,0,0,1,0
"1193",0,1193,"$1Mto$10M",0,0,0,0,1,0,0,0,0
"1194",0,1194,"$10Mto$50M",0,0,1,0,0,0,0,0,0
"1195",0,1195,"$100Mto$500M",1,0,0,0,0,0,0,0,0
"1196",0,1196,"$1Mto$10M",0,0,0,0,1,0,0,0,0
"1197",0,1197,"Lessthan$1M",0,0,0,0,0,0,0,1,0
"1198",0,1198,"Lessthan$1M",0,0,0,0,0,0,0,1,0
"1199",0,1199,"$1Mto$10M",0,0,0,0,1,0,0,0,0
"1200",0,1200,"$1Mto$10M",0,0,0,0,1,0,0,0,0
"1201",0,1201,"$1Mto$10M",0,0,0,0,1,0,0,0,0
"1202",0,1202,"$1Mto$10M",0,0,0,0,1,0,0,0,0
"1203",0,1203,"$1Mto$10M",0,0,0,0,1,0,0,0,0
"1204",0,1204,"$1Bto$10B",0,0,0,1,0,0,0,0,0
"1205",0,1205,"$100Mto$500M",1,0,0,0,0,0,0,0,0
"1206",0,1206,"$1Mto$10M",0,0,0,0,1,0,0,0,0
"1207",0,1207,"$1Mto$10M",0,0,0,0,1,0,0,0,0
"1208",0,1208,"$1Mto$10M",0,0,0,0,1,0,0,0,0
"1209",0,1209,"Lessthan$1M",0,0,0,0,0,0,0,1,0
"1210",0,1210,"$1Mto$10M",0,0,0,0,1,0,0,0,0
"1211",0,1211,"$100Mto$500M",1,0,0,0,0,0,0,0,0
"1212",0,1212,"Lessthan$1M",0,0,0,0,0,0,0,1,0
"1213",0,1213,"Lessthan$1M",0,0,0,0,0,0,0,1,0
"1214",0,1214,"$1Mto$10M",0,0,0,0,1,0,0,0,0
"1215",0,1215,"Lessthan$1M",0,0,0,0,0,0,0,1,0
"1216",0,1216,"$10Mto$50M",0,0,1,0,0,0,0,0,0
"1217",0,1217,"$1Mto$10M",0,0,0,0,1,0,0,0,0
"1218",0,1218,"$1Mto$10M",0,0,0,0,1,0,0,0,0
"1219",0,1219,"$1Mto$10M",0,0,0,0,1,0,0,0,0
"1220",0,1220,"$1Mto$10M",0,0,0,0,1,0,0,0,0
"1221",0,1221,"Lessthan$1M",0,0,0,0,0,0,0,1,0
"1222",0,1222,"$50Mto$100M",0,0,0,0,0,0,1,0,0
"1223",0,1223,"Lessthan$1M",0,0,0,0,0,0,0,1,0
"1224",0,1224,"$1Mto$10M",0,0,0,0,1,0,0,0,0
"1225",0,1225,"$1Mto$10M",0,0,0,0,1,0,0,0,0
"1226",0,1226,"Lessthan$1M",0,0,0,0,0,0,0,1,0
"1227",0,1227,"$1Mto$10M",0,0,0,0,1,0,0,0,0
"1228",0,1228,"$1Mto$10M",0,0,0,0,1,0,0,0,0
"1229",0,1229,"Lessthan$1M",0,0,0,0,0,0,0,1,0
"1230",0,1230,"$1Mto$10M",0,0,0,0,1,0,0,0,0
"1231",0,1231,"$1Mto$10M",0,0,0,0,1,0,0,0,0
"1232",0,1232,"$1Mto$10M",0,0,0,0,1,0,0,0,0
"1233",0,1233,"$1Mto$10M",0,0,0,0,1,0,0,0,0
"1234",0,1234,"$10Mto$50M",0,0,1,0,0,0,0,0,0
"1235",0,1235,"$10Mto$50M",0,0,1,0,0,0,0,0,0
"1236",0,1236,"$1Mto$10M",0,0,0,0,1,0,0,0,0
"1237",0,1237,"Lessthan$1M",0,0,0,0,0,0,0,1,0
"1238",0,1238,"$10Mto$50M",0,0,1,0,0,0,0,0,0
"1239",0,1239,"$100Mto$500M",1,0,0,0,0,0,0,0,0
"1240",0,1240,"$1Mto$10M",0,0,0,0,1,0,0,0,0
"1241",0,1241,"Lessthan$1M",0,0,0,0,0,0,0,1,0
"1242",0,1242,"$1Mto$10M",0,0,0,0,1,0,0,0,0
"1243",0,1243,"$1Mto$10M",0,0,0,0,1,0,0,0,0
"1244",0,1244,"$50Mto$100M",0,0,0,0,0,0,1,0,0
"1245",0,1245,"$10Mto$50M",0,0,1,0,0,0,0,0,0
"1246",0,1246,"Lessthan$1M",0,0,0,0,0,0,0,1,0
"1247",0,1247,"$1Mto$10M",0,0,0,0,1,0,0,0,0
"1248",0,1248,"$1Mto$10M",0,0,0,0,1,0,0,0,0
"1249",0,1249,"$1Mto$10M",0,0,0,0,1,0,0,0,0
"1250",0,1250,"$1Mto$10M",0,0,0,0,1,0,0,0,0
"1251",0,1251,"$1Mto$10M",0,0,0,0,1,0,0,0,0
"1252",0,1252,"Lessthan$1M",0,0,0,0,0,0,0,1,0
"1253",0,1253,"Lessthan$1M",0,0,0,0,0,0,0,1,0
"1254",0,1254,"$1Mto$10M",0,0,0,0,1,0,0,0,0
"1255",0,1255,"$1Mto$10M",0,0,0,0,1,0,0,0,0
"1256",0,1256,"Lessthan$1M",0,0,0,0,0,0,0,1,0
"1257",0,1257,"Lessthan$1M",0,0,0,0,0,0,0,1,0
"1258",0,1258,"Lessthan$1M",0,0,0,0,0,0,0,1,0
"1259",0,1259,"$50Mto$100M",0,0,0,0,0,0,1,0,0
"1260",0,1260,"$1Mto$10M",0,0,0,0,1,0,0,0,0
"1261",0,1261,"$1Mto$10M",0,0,0,0,1,0,0,0,0
"1262",0,1262,"Lessthan$1M",0,0,0,0,0,0,0,1,0
"1263",0,1263,"$1Bto$10B",0,0,0,1,0,0,0,0,0
"1264",0,1264,"$1Mto$10M",0,0,0,0,1,0,0,0,0
"1265",0,1265,"$1Mto$10M",0,0,0,0,1,0,0,0,0
"1266",0,1266,"$1Mto$10M",0,0,0,0,1,0,0,0,0
"1267",0,1267,"$10Mto$50M",0,0,1,0,0,0,0,0,0
"1268",0,1268,"$100Mto$500M",1,0,0,0,0,0,0,0,0
"1269",0,1269,"Lessthan$1M",0,0,0,0,0,0,0,1,0
"1270",0,1270,"$10Mto$50M",0,0,1,0,0,0,0,0,0
"1271",0,1271,"$1Mto$10M",0,0,0,0,1,0,0,0,0
"1272",0,1272,"Lessthan$1M",0,0,0,0,0,0,0,1,0
"1273",0,1273,"Lessthan$1M",0,0,0,0,0,0,0,1,0
"1274",0,1274,"$1Mto$10M",0,0,0,0,1,0,0,0,0
"1275",0,1275,"$10Mto$50M",0,0,1,0,0,0,0,0,0
"1276",0,1276,"$100Mto$500M",1,0,0,0,0,0,0,0,0
"1277",0,1277,"$1Mto$10M",0,0,0,0,1,0,0,0,0
"1278",0,1278,"$1Mto$10M",0,0,0,0,1,0,0,0,0
"1279",0,1279,"Lessthan$1M",0,0,0,0,0,0,0,1,0
"1280",0,1280,"$1Mto$10M",0,0,0,0,1,0,0,0,0
"1281",0,1281,"$10Mto$50M",0,0,1,0,0,0,0,0,0
"1282",0,1282,"$1Mto$10M",0,0,0,0,1,0,0,0,0
"1283",0,1283,"$10Mto$50M",0,0,1,0,0,0,0,0,0
"1284",0,1284,"$1Mto$10M",0,0,0,0,1,0,0,0,0
"1285",0,1285,"$1Mto$10M",0,0,0,0,1,0,0,0,0
"1286",0,1286,"$1Mto$10M",0,0,0,0,1,0,0,0,0
"1287",0,1287,"$1Mto$10M",0,0,0,0,1,0,0,0,0
"1288",0,1288,"$1Mto$10M",0,0,0,0,1,0,0,0,0
"1289",0,1289,"$10Mto$50M",0,0,1,0,0,0,0,0,0
"1290",0,1290,"$1Mto$10M",0,0,0,0,1,0,0,0,0
"1291",0,1291,"$100Mto$500M",1,0,0,0,0,0,0,0,0
"1292",0,1292,"Lessthan$1M",0,0,0,0,0,0,0,1,0
"1293",0,1293,"Lessthan$1M",0,0,0,0,0,0,0,1,0
"1294",0,1294,"Lessthan$1M",0,0,0,0,0,0,0,1,0
"1295",0,1295,"$10Mto$50M",0,0,1,0,0,0,0,0,0
"1296",0,1296,"$1Mto$10M",0,0,0,0,1,0,0,0,0
"1297",0,1297,"$1Mto$10M",0,0,0,0,1,0,0,0,0
"1298",0,1298,"Lessthan$1M",0,0,0,0,0,0,0,1,0
"1299",0,1299,"Lessthan$1M",0,0,0,0,0,0,0,1,0
"1300",0,1300,"$1Mto$10M",0,0,0,0,1,0,0,0,0
"1301",0,1301,"Lessthan$1M",0,0,0,0,0,0,0,1,0
"1302",0,1302,"$1Mto$10M",0,0,0,0,1,0,0,0,0
"1303",0,1303,"$1Mto$10M",0,0,0,0,1,0,0,0,0
"1304",0,1304,"$1Mto$10M",0,0,0,0,1,0,0,0,0
"1305",0,1305,"$10Mto$50M",0,0,1,0,0,0,0,0,0
"1306",0,1306,"$50Mto$100M",0,0,0,0,0,0,1,0,0
"1307",0,1307,"$100Mto$500M",1,0,0,0,0,0,0,0,0
"1308",0,1308,"Lessthan$1M",0,0,0,0,0,0,0,1,0
"1309",0,1309,"Lessthan$1M",0,0,0,0,0,0,0,1,0
"1310",0,1310,"$1Mto$10M",0,0,0,0,1,0,0,0,0
"1311",0,1311,"Lessthan$1M",0,0,0,0,0,0,0,1,0
"1312",0,1312,"$10Mto$50M",0,0,1,0,0,0,0,0,0
"1313",0,1313,"$1Mto$10M",0,0,0,0,1,0,0,0,0
"1314",0,1314,"Lessthan$1M",0,0,0,0,0,0,0,1,0
"1315",0,1315,"Lessthan$1M",0,0,0,0,0,0,0,1,0
"1316",0,1316,"$1Mto$10M",0,0,0,0,1,0,0,0,0
"1317",0,1317,"$1Mto$10M",0,0,0,0,1,0,0,0,0
"1318",0,1318,"$1Mto$10M",0,0,0,0,1,0,0,0,0
"1319",0,1319,"Lessthan$1M",0,0,0,0,0,0,0,1,0
"1320",0,1320,"$1Mto$10M",0,0,0,0,1,0,0,0,0
"1321",0,1321,"$1Mto$10M",0,0,0,0,1,0,0,0,0
"1322",0,1322,"$1Mto$10M",0,0,0,0,1,0,0,0,0
"1323",0,1323,"Lessthan$1M",0,0,0,0,0,0,0,1,0
"1324",0,1324,NA,NA,NA,NA,NA,NA,NA,NA,NA,1
"1325",0,1325,"Lessthan$1M",0,0,0,0,0,0,0,1,0
"1326",0,1326,"Lessthan$1M",0,0,0,0,0,0,0,1,0
"1327",0,1327,"$1Mto$10M",0,0,0,0,1,0,0,0,0
"1328",0,1328,"Lessthan$1M",0,0,0,0,0,0,0,1,0
"1329",0,1329,"Lessthan$1M",0,0,0,0,0,0,0,1,0
"1330",0,1330,"$1Mto$10M",0,0,0,0,1,0,0,0,0
"1331",0,1331,"$10Mto$50M",0,0,1,0,0,0,0,0,0
"1332",0,1332,"$1Mto$10M",0,0,0,0,1,0,0,0,0
"1333",0,1333,"Lessthan$1M",0,0,0,0,0,0,0,1,0
"1334",0,1334,"$100Mto$500M",1,0,0,0,0,0,0,0,0
"1335",0,1335,"Lessthan$1M",0,0,0,0,0,0,0,1,0
"1336",0,1336,"$10Mto$50M",0,0,1,0,0,0,0,0,0
"1337",0,1337,"$1Mto$10M",0,0,0,0,1,0,0,0,0
"1338",0,1338,"$1Mto$10M",0,0,0,0,1,0,0,0,0
"1339",0,1339,"Lessthan$1M",0,0,0,0,0,0,0,1,0
"1340",0,1340,"$1Mto$10M",0,0,0,0,1,0,0,0,0
"1341",0,1341,"Lessthan$1M",0,0,0,0,0,0,0,1,0
"1342",0,1342,"$1Mto$10M",0,0,0,0,1,0,0,0,0
"1343",0,1343,"$1Mto$10M",0,0,0,0,1,0,0,0,0
"1344",0,1344,"$1Mto$10M",0,0,0,0,1,0,0,0,0
"1345",0,1345,"$1Mto$10M",0,0,0,0,1,0,0,0,0
"1346",0,1346,"$1Mto$10M",0,0,0,0,1,0,0,0,0
"1347",0,1347,"$1Mto$10M",0,0,0,0,1,0,0,0,0
"1348",0,1348,"$50Mto$100M",0,0,0,0,0,0,1,0,0
"1349",0,1349,"$1Mto$10M",0,0,0,0,1,0,0,0,0
"1350",0,1350,"$1Mto$10M",0,0,0,0,1,0,0,0,0
"1351",0,1351,"$1Mto$10M",0,0,0,0,1,0,0,0,0
"1352",0,1352,"Lessthan$1M",0,0,0,0,0,0,0,1,0
"1353",0,1353,"$10Mto$50M",0,0,1,0,0,0,0,0,0
"1354",0,1354,"$50Mto$100M",0,0,0,0,0,0,1,0,0
"1355",0,1355,"$50Mto$100M",0,0,0,0,0,0,1,0,0
"1356",0,1356,"$10Mto$50M",0,0,1,0,0,0,0,0,0
"1357",0,1357,"$1Mto$10M",0,0,0,0,1,0,0,0,0
"1358",0,1358,"$1Mto$10M",0,0,0,0,1,0,0,0,0
"1359",0,1359,"Lessthan$1M",0,0,0,0,0,0,0,1,0
"1360",0,1360,"$1Mto$10M",0,0,0,0,1,0,0,0,0
"1361",0,1361,"Lessthan$1M",0,0,0,0,0,0,0,1,0
"1362",0,1362,"$1Mto$10M",0,0,0,0,1,0,0,0,0
"1363",0,1363,"$10Mto$50M",0,0,1,0,0,0,0,0,0
"1364",0,1364,"Lessthan$1M",0,0,0,0,0,0,0,1,0
"1365",0,1365,"$1Mto$10M",0,0,0,0,1,0,0,0,0
"1366",0,1366,"$50Mto$100M",0,0,0,0,0,0,1,0,0
"1367",0,1367,"$1Mto$10M",0,0,0,0,1,0,0,0,0
"1368",0,1368,"$10Mto$50M",0,0,1,0,0,0,0,0,0
"1369",0,1369,"Lessthan$1M",0,0,0,0,0,0,0,1,0
"1370",0,1370,"$1Mto$10M",0,0,0,0,1,0,0,0,0
"1371",0,1371,"$1Mto$10M",0,0,0,0,1,0,0,0,0
"1372",0,1372,"$1Mto$10M",0,0,0,0,1,0,0,0,0
"1373",0,1373,"$10Mto$50M",0,0,1,0,0,0,0,0,0
"1374",0,1374,"Lessthan$1M",0,0,0,0,0,0,0,1,0
"1375",0,1375,"Lessthan$1M",0,0,0,0,0,0,0,1,0
"1376",0,1376,"$1Mto$10M",0,0,0,0,1,0,0,0,0
"1377",0,1377,"Lessthan$1M",0,0,0,0,0,0,0,1,0
"1378",0,1378,"$50Mto$100M",0,0,0,0,0,0,1,0,0
"1379",0,1379,"$1Mto$10M",0,0,0,0,1,0,0,0,0
"1380",0,1380,"$1Mto$10M",0,0,0,0,1,0,0,0,0
"1381",0,1381,"$1Mto$10M",0,0,0,0,1,0,0,0,0
"1382",0,1382,"$1Mto$10M",0,0,0,0,1,0,0,0,0
"1383",0,1383,"$10Mto$50M",0,0,1,0,0,0,0,0,0
"1384",0,1384,"$1Mto$10M",0,0,0,0,1,0,0,0,0
"1385",0,1385,"Lessthan$1M",0,0,0,0,0,0,0,1,0
"1386",0,1386,"$1Mto$10M",0,0,0,0,1,0,0,0,0
"1387",0,1387,"Lessthan$1M",0,0,0,0,0,0,0,1,0
"1388",0,1388,"$1Mto$10M",0,0,0,0,1,0,0,0,0
"1389",0,1389,"Lessthan$1M",0,0,0,0,0,0,0,1,0
"1390",0,1390,"Lessthan$1M",0,0,0,0,0,0,0,1,0
"1391",0,1391,"$1Mto$10M",0,0,0,0,1,0,0,0,0
"1392",0,1392,"Lessthan$1M",0,0,0,0,0,0,0,1,0
"1393",0,1393,"Lessthan$1M",0,0,0,0,0,0,0,1,0
"1394",0,1394,"$10Mto$50M",0,0,1,0,0,0,0,0,0
"1395",0,1395,"Lessthan$1M",0,0,0,0,0,0,0,1,0
"1396",0,1396,"Lessthan$1M",0,0,0,0,0,0,0,1,0
"1397",0,1397,"$10Mto$50M",0,0,1,0,0,0,0,0,0
"1398",0,1398,"$50Mto$100M",0,0,0,0,0,0,1,0,0
"1399",0,1399,"Lessthan$1M",0,0,0,0,0,0,0,1,0
"1400",0,1400,"$1Mto$10M",0,0,0,0,1,0,0,0,0
"1401",0,1401,"Lessthan$1M",0,0,0,0,0,0,0,1,0
"1402",0,1402,"$1Mto$10M",0,0,0,0,1,0,0,0,0
"1403",0,1403,"$1Mto$10M",0,0,0,0,1,0,0,0,0
"1404",0,1404,"$10Mto$50M",0,0,1,0,0,0,0,0,0
"1405",0,1405,"$1Mto$10M",0,0,0,0,1,0,0,0,0
"1406",0,1406,"$1Bto$10B",0,0,0,1,0,0,0,0,0
"1407",0,1407,"Lessthan$1M",0,0,0,0,0,0,0,1,0
"1408",0,1408,"$1Mto$10M",0,0,0,0,1,0,0,0,0
"1409",0,1409,"$1Mto$10M",0,0,0,0,1,0,0,0,0
"1410",0,1410,"Lessthan$1M",0,0,0,0,0,0,0,1,0
"1411",0,1411,"Lessthan$1M",0,0,0,0,0,0,0,1,0
"1412",0,1412,"$1Mto$10M",0,0,0,0,1,0,0,0,0
"1413",0,1413,"Lessthan$1M",0,0,0,0,0,0,0,1,0
"1414",0,1414,"Lessthan$1M",0,0,0,0,0,0,0,1,0
"1415",0,1415,"$1Mto$10M",0,0,0,0,1,0,0,0,0
"1416",0,1416,"$10Mto$50M",0,0,1,0,0,0,0,0,0
"1417",0,1417,"$1Mto$10M",0,0,0,0,1,0,0,0,0
"1418",0,1418,NA,NA,NA,NA,NA,NA,NA,NA,NA,1
"1419",0,1419,"Lessthan$1M",0,0,0,0,0,0,0,1,0
"1420",0,1420,"Lessthan$1M",0,0,0,0,0,0,0,1,0
"1421",0,1421,"Lessthan$1M",0,0,0,0,0,0,0,1,0
"1422",0,1422,"Lessthan$1M",0,0,0,0,0,0,0,1,0
"1423",0,1423,NA,NA,NA,NA,NA,NA,NA,NA,NA,1
"1424",0,1424,"$100Mto$500M",1,0,0,0,0,0,0,0,0
"1425",0,1425,"$100Mto$500M",1,0,0,0,0,0,0,0,0
"1426",0,1426,"$1Mto$10M",0,0,0,0,1,0,0,0,0
"1427",0,1427,"$1Mto$10M",0,0,0,0,1,0,0,0,0
"1428",0,1428,"$1Mto$10M",0,0,0,0,1,0,0,0,0
"1429",0,1429,"Lessthan$1M",0,0,0,0,0,0,0,1,0
"1430",0,1430,"$1Mto$10M",0,0,0,0,1,0,0,0,0
"1431",0,1431,"$1Mto$10M",0,0,0,0,1,0,0,0,0
"1432",0,1432,"Lessthan$1M",0,0,0,0,0,0,0,1,0
"1433",0,1433,"$10Mto$50M",0,0,1,0,0,0,0,0,0
"1434",0,1434,"$1Mto$10M",0,0,0,0,1,0,0,0,0
"1435",0,1435,"$10Mto$50M",0,0,1,0,0,0,0,0,0
"1436",0,1436,"Lessthan$1M",0,0,0,0,0,0,0,1,0
"1437",0,1437,"Lessthan$1M",0,0,0,0,0,0,0,1,0
"1438",0,1438,"$10Mto$50M",0,0,1,0,0,0,0,0,0
"1439",0,1439,"$1Bto$10B",0,0,0,1,0,0,0,0,0
"1440",0,1440,"$1Mto$10M",0,0,0,0,1,0,0,0,0
"1441",0,1441,"$10Mto$50M",0,0,1,0,0,0,0,0,0
"1442",0,1442,"$1Mto$10M",0,0,0,0,1,0,0,0,0
"1443",0,1443,"$1Mto$10M",0,0,0,0,1,0,0,0,0
"1444",0,1444,"$1Mto$10M",0,0,0,0,1,0,0,0,0
"1445",0,1445,"Lessthan$1M",0,0,0,0,0,0,0,1,0
"1446",0,1446,"Lessthan$1M",0,0,0,0,0,0,0,1,0
"1447",0,1447,"$1Mto$10M",0,0,0,0,1,0,0,0,0
"1448",0,1448,"$1Mto$10M",0,0,0,0,1,0,0,0,0
"1449",0,1449,"$1Mto$10M",0,0,0,0,1,0,0,0,0
"1450",0,1450,"$1Mto$10M",0,0,0,0,1,0,0,0,0
"1451",0,1451,"$1Bto$10B",0,0,0,1,0,0,0,0,0
"1452",0,1452,"$1Mto$10M",0,0,0,0,1,0,0,0,0
"1453",0,1453,NA,NA,NA,NA,NA,NA,NA,NA,NA,1
"1454",0,1454,"$1Mto$10M",0,0,0,0,1,0,0,0,0
"1455",0,1455,"$10Mto$50M",0,0,1,0,0,0,0,0,0
"1456",0,1456,"Lessthan$1M",0,0,0,0,0,0,0,1,0
"1457",0,1457,"$1Mto$10M",0,0,0,0,1,0,0,0,0
"1458",0,1458,"$1Mto$10M",0,0,0,0,1,0,0,0,0
"1459",0,1459,"$1Mto$10M",0,0,0,0,1,0,0,0,0
"1460",0,1460,"$1Mto$10M",0,0,0,0,1,0,0,0,0
"1461",0,1461,"$1Mto$10M",0,0,0,0,1,0,0,0,0
"1462",0,1462,"$1Mto$10M",0,0,0,0,1,0,0,0,0
"1463",0,1463,"$1Mto$10M",0,0,0,0,1,0,0,0,0
"1464",0,1464,"$1Mto$10M",0,0,0,0,1,0,0,0,0
"1465",0,1465,"Lessthan$1M",0,0,0,0,0,0,0,1,0
"1466",0,1466,"$1Mto$10M",0,0,0,0,1,0,0,0,0
"1467",0,1467,"$10Mto$50M",0,0,1,0,0,0,0,0,0
"1468",0,1468,"$1Mto$10M",0,0,0,0,1,0,0,0,0
"1469",0,1469,"$1Mto$10M",0,0,0,0,1,0,0,0,0
"1470",0,1470,"$1Mto$10M",0,0,0,0,1,0,0,0,0
"1471",0,1471,"$10Mto$50M",0,0,1,0,0,0,0,0,0
"1472",0,1472,"Lessthan$1M",0,0,0,0,0,0,0,1,0
"1473",0,1473,"$1Mto$10M",0,0,0,0,1,0,0,0,0
"1474",0,1474,"Lessthan$1M",0,0,0,0,0,0,0,1,0
"1475",0,1475,"$1Mto$10M",0,0,0,0,1,0,0,0,0
"1476",0,1476,"$50Mto$100M",0,0,0,0,0,0,1,0,0
"1477",0,1477,"Lessthan$1M",0,0,0,0,0,0,0,1,0
"1478",0,1478,"$50Mto$100M",0,0,0,0,0,0,1,0,0
"1479",0,1479,"$10Mto$50M",0,0,1,0,0,0,0,0,0
"1480",0,1480,"$100Mto$500M",1,0,0,0,0,0,0,0,0
"1481",0,1481,"$1Mto$10M",0,0,0,0,1,0,0,0,0
"1482",0,1482,"$50Mto$100M",0,0,0,0,0,0,1,0,0
"1483",0,1483,"$1Mto$10M",0,0,0,0,1,0,0,0,0
"1484",0,1484,NA,NA,NA,NA,NA,NA,NA,NA,NA,1
"1485",0,1485,"$1Mto$10M",0,0,0,0,1,0,0,0,0
"1486",0,1486,"$1Mto$10M",0,0,0,0,1,0,0,0,0
"1487",0,1487,"$1Mto$10M",0,0,0,0,1,0,0,0,0
"1488",0,1488,"$1Mto$10M",0,0,0,0,1,0,0,0,0
"1489",0,1489,"$1Mto$10M",0,0,0,0,1,0,0,0,0
"1490",0,1490,"$1Mto$10M",0,0,0,0,1,0,0,0,0
"1491",0,1491,"$1Mto$10M",0,0,0,0,1,0,0,0,0
"1492",0,1492,"$1Mto$10M",0,0,0,0,1,0,0,0,0
"1493",0,1493,"Lessthan$1M",0,0,0,0,0,0,0,1,0
"1494",0,1494,"Lessthan$1M",0,0,0,0,0,0,0,1,0
"1495",0,1495,"$10Mto$50M",0,0,1,0,0,0,0,0,0
"1496",0,1496,"$1Mto$10M",0,0,0,0,1,0,0,0,0
"1497",0,1497,"Lessthan$1M",0,0,0,0,0,0,0,1,0
"1498",0,1498,"$1Mto$10M",0,0,0,0,1,0,0,0,0
"1499",0,1499,"Lessthan$1M",0,0,0,0,0,0,0,1,0
"1500",0,1500,"Lessthan$1M",0,0,0,0,0,0,0,1,0
"1501",0,1501,"$1Mto$10M",0,0,0,0,1,0,0,0,0
"1502",0,1502,"$10Mto$50M",0,0,1,0,0,0,0,0,0
"1503",0,1503,"Lessthan$1M",0,0,0,0,0,0,0,1,0
"1504",0,1504,"Lessthan$1M",0,0,0,0,0,0,0,1,0
"1505",0,1505,"$1Mto$10M",0,0,0,0,1,0,0,0,0
"1506",0,1506,"$10Mto$50M",0,0,1,0,0,0,0,0,0
"1507",0,1507,NA,NA,NA,NA,NA,NA,NA,NA,NA,1
"1508",0,1508,"$1Mto$10M",0,0,0,0,1,0,0,0,0
"1509",0,1509,"$1Mto$10M",0,0,0,0,1,0,0,0,0
"1510",0,1510,"$10Mto$50M",0,0,1,0,0,0,0,0,0
"1511",0,1511,"$1Mto$10M",0,0,0,0,1,0,0,0,0
"1512",0,1512,"Lessthan$1M",0,0,0,0,0,0,0,1,0
"1513",0,1513,"$1Mto$10M",0,0,0,0,1,0,0,0,0
"1514",0,1514,"Lessthan$1M",0,0,0,0,0,0,0,1,0
"1515",0,1515,"$1Mto$10M",0,0,0,0,1,0,0,0,0
"1516",0,1516,"$10Mto$50M",0,0,1,0,0,0,0,0,0
"1517",0,1517,"Lessthan$1M",0,0,0,0,0,0,0,1,0
"1518",0,1518,"$1Mto$10M",0,0,0,0,1,0,0,0,0
"1519",0,1519,"$1Mto$10M",0,0,0,0,1,0,0,0,0
"1520",0,1520,"Lessthan$1M",0,0,0,0,0,0,0,1,0
"1521",0,1521,"Lessthan$1M",0,0,0,0,0,0,0,1,0
"1522",0,1522,"Lessthan$1M",0,0,0,0,0,0,0,1,0
"1523",0,1523,"$1Mto$10M",0,0,0,0,1,0,0,0,0
"1524",0,1524,NA,NA,NA,NA,NA,NA,NA,NA,NA,1
"1525",0,1525,"$1Mto$10M",0,0,0,0,1,0,0,0,0
"1526",0,1526,"$10Mto$50M",0,0,1,0,0,0,0,0,0
"1527",0,1527,"$1Mto$10M",0,0,0,0,1,0,0,0,0
"1528",0,1528,"$10Mto$50M",0,0,1,0,0,0,0,0,0
"1529",0,1529,"$1Mto$10M",0,0,0,0,1,0,0,0,0
"1530",0,1530,"$1Mto$10M",0,0,0,0,1,0,0,0,0
"1531",0,1531,"$1Bto$10B",0,0,0,1,0,0,0,0,0
"1532",0,1532,"$1Mto$10M",0,0,0,0,1,0,0,0,0
"1533",0,1533,NA,NA,NA,NA,NA,NA,NA,NA,NA,1
"1534",0,1534,"$1Mto$10M",0,0,0,0,1,0,0,0,0
"1535",0,1535,"$10Mto$50M",0,0,1,0,0,0,0,0,0
"1536",0,1536,"Lessthan$1M",0,0,0,0,0,0,0,1,0
"1537",0,1537,"$1Mto$10M",0,0,0,0,1,0,0,0,0
"1538",0,1538,"Lessthan$1M",0,0,0,0,0,0,0,1,0
"1539",0,1539,"Lessthan$1M",0,0,0,0,0,0,0,1,0
"1540",0,1540,"$1Mto$10M",0,0,0,0,1,0,0,0,0
"1541",0,1541,"Lessthan$1M",0,0,0,0,0,0,0,1,0
"1542",0,1542,"Lessthan$1M",0,0,0,0,0,0,0,1,0
"1543",0,1543,"$10Mto$50M",0,0,1,0,0,0,0,0,0
"1544",0,1544,"$1Mto$10M",0,0,0,0,1,0,0,0,0
"1545",0,1545,"$50Mto$100M",0,0,0,0,0,0,1,0,0
"1546",0,1546,"$1Mto$10M",0,0,0,0,1,0,0,0,0
"1547",0,1547,NA,NA,NA,NA,NA,NA,NA,NA,NA,1
"1548",0,1548,"$1Mto$10M",0,0,0,0,1,0,0,0,0
"1549",0,1549,"$1Mto$10M",0,0,0,0,1,0,0,0,0
"1550",0,1550,NA,NA,NA,NA,NA,NA,NA,NA,NA,1
"1551",0,1551,"Lessthan$1M",0,0,0,0,0,0,0,1,0
"1552",0,1552,"$50Mto$100M",0,0,0,0,0,0,1,0,0
"1553",0,1553,"Lessthan$1M",0,0,0,0,0,0,0,1,0
"1554",0,1554,"Lessthan$1M",0,0,0,0,0,0,0,1,0
"1555",0,1555,"$1Mto$10M",0,0,0,0,1,0,0,0,0
"1556",0,1556,"$1Mto$10M",0,0,0,0,1,0,0,0,0
"1557",0,1557,"$10Mto$50M",0,0,1,0,0,0,0,0,0
"1558",0,1558,"$10Mto$50M",0,0,1,0,0,0,0,0,0
"1559",0,1559,"$1Mto$10M",0,0,0,0,1,0,0,0,0
"1560",0,1560,"Lessthan$1M",0,0,0,0,0,0,0,1,0
"1561",0,1561,"$1Mto$10M",0,0,0,0,1,0,0,0,0
"1562",0,1562,"$1Mto$10M",0,0,0,0,1,0,0,0,0
"1563",0,1563,"Lessthan$1M",0,0,0,0,0,0,0,1,0
"1564",0,1564,"$100Mto$500M",1,0,0,0,0,0,0,0,0
"1565",0,1565,"Lessthan$1M",0,0,0,0,0,0,0,1,0
"1566",0,1566,"$1Mto$10M",0,0,0,0,1,0,0,0,0
"1567",0,1567,"$1Mto$10M",0,0,0,0,1,0,0,0,0
"1568",0,1568,"$1Mto$10M",0,0,0,0,1,0,0,0,0
"1569",0,1569,"$1Mto$10M",0,0,0,0,1,0,0,0,0
"1570",0,1570,"$1Mto$10M",0,0,0,0,1,0,0,0,0
"1571",0,1571,"Lessthan$1M",0,0,0,0,0,0,0,1,0
"1572",0,1572,"$1Mto$10M",0,0,0,0,1,0,0,0,0
"1573",0,1573,"$1Mto$10M",0,0,0,0,1,0,0,0,0
"1574",0,1574,"$1Mto$10M",0,0,0,0,1,0,0,0,0
"1575",0,1575,"$1Mto$10M",0,0,0,0,1,0,0,0,0
"1576",0,1576,"$1Mto$10M",0,0,0,0,1,0,0,0,0
"1577",0,1577,"Lessthan$1M",0,0,0,0,0,0,0,1,0
"1578",0,1578,"$1Mto$10M",0,0,0,0,1,0,0,0,0
"1579",0,1579,"Lessthan$1M",0,0,0,0,0,0,0,1,0
"1580",0,1580,"$1Mto$10M",0,0,0,0,1,0,0,0,0
"1581",0,1581,"$1Mto$10M",0,0,0,0,1,0,0,0,0
"1582",0,1582,"$10Mto$50M",0,0,1,0,0,0,0,0,0
"1583",0,1583,"$1Mto$10M",0,0,0,0,1,0,0,0,0
"1584",0,1584,"$10Mto$50M",0,0,1,0,0,0,0,0,0
"1585",0,1585,"$1Mto$10M",0,0,0,0,1,0,0,0,0
"1586",0,1586,"Lessthan$1M",0,0,0,0,0,0,0,1,0
"1587",0,1587,"Lessthan$1M",0,0,0,0,0,0,0,1,0
"1588",0,1588,"$1Mto$10M",0,0,0,0,1,0,0,0,0
"1589",0,1589,"Lessthan$1M",0,0,0,0,0,0,0,1,0
"1590",0,1590,NA,NA,NA,NA,NA,NA,NA,NA,NA,1
"1591",0,1591,"$1Mto$10M",0,0,0,0,1,0,0,0,0
"1592",0,1592,"$1Mto$10M",0,0,0,0,1,0,0,0,0
"1593",0,1593,"Lessthan$1M",0,0,0,0,0,0,0,1,0
"1594",0,1594,"$1Mto$10M",0,0,0,0,1,0,0,0,0
"1595",0,1595,"Lessthan$1M",0,0,0,0,0,0,0,1,0
"1596",0,1596,"$1Mto$10M",0,0,0,0,1,0,0,0,0
"1597",0,1597,"Lessthan$1M",0,0,0,0,0,0,0,1,0
"1598",0,1598,"Lessthan$1M",0,0,0,0,0,0,0,1,0
"1599",0,1599,"$1Mto$10M",0,0,0,0,1,0,0,0,0
"1600",0,1600,"$10Mto$50M",0,0,1,0,0,0,0,0,0
"1601",0,1601,"Lessthan$1M",0,0,0,0,0,0,0,1,0
"1602",0,1602,"$10Mto$50M",0,0,1,0,0,0,0,0,0
"1603",0,1603,"$1Mto$10M",0,0,0,0,1,0,0,0,0
"1604",0,1604,"$1Mto$10M",0,0,0,0,1,0,0,0,0
"1605",0,1605,"Lessthan$1M",0,0,0,0,0,0,0,1,0
"1606",0,1606,"$10Mto$50M",0,0,1,0,0,0,0,0,0
"1607",0,1607,"$1Mto$10M",0,0,0,0,1,0,0,0,0
"1608",0,1608,"Lessthan$1M",0,0,0,0,0,0,0,1,0
"1609",0,1609,"Lessthan$1M",0,0,0,0,0,0,0,1,0
"1610",0,1610,"$1Mto$10M",0,0,0,0,1,0,0,0,0
"1611",0,1611,"Lessthan$1M",0,0,0,0,0,0,0,1,0
"1612",0,1612,"Lessthan$1M",0,0,0,0,0,0,0,1,0
"1613",0,1613,"$1Mto$10M",0,0,0,0,1,0,0,0,0
"1614",0,1614,"$1Mto$10M",0,0,0,0,1,0,0,0,0
"1615",0,1615,"$1Bto$10B",0,0,0,1,0,0,0,0,0
"1616",0,1616,"Lessthan$1M",0,0,0,0,0,0,0,1,0
"1617",0,1617,"$1Mto$10M",0,0,0,0,1,0,0,0,0
"1618",0,1618,NA,NA,NA,NA,NA,NA,NA,NA,NA,1
"1619",0,1619,"$1Mto$10M",0,0,0,0,1,0,0,0,0
"1620",0,1620,"$10Mto$50M",0,0,1,0,0,0,0,0,0
"1621",0,1621,"$50Mto$100M",0,0,0,0,0,0,1,0,0
"1622",0,1622,"Lessthan$1M",0,0,0,0,0,0,0,1,0
"1623",0,1623,"Lessthan$1M",0,0,0,0,0,0,0,1,0
"1624",0,1624,"$1Mto$10M",0,0,0,0,1,0,0,0,0
"1625",0,1625,"$1Mto$10M",0,0,0,0,1,0,0,0,0
"1626",0,1626,"$500Mto$1B",0,0,0,0,0,1,0,0,0
"1627",0,1627,"$10Mto$50M",0,0,1,0,0,0,0,0,0
"1628",0,1628,"$1Mto$10M",0,0,0,0,1,0,0,0,0
"1629",0,1629,"Lessthan$1M",0,0,0,0,0,0,0,1,0
"1630",0,1630,"$10Mto$50M",0,0,1,0,0,0,0,0,0
"1631",0,1631,NA,NA,NA,NA,NA,NA,NA,NA,NA,1
"1632",0,1632,"$1Bto$10B",0,0,0,1,0,0,0,0,0
"1633",0,1633,"$1Mto$10M",0,0,0,0,1,0,0,0,0
"1634",0,1634,"Lessthan$1M",0,0,0,0,0,0,0,1,0
"1635",0,1635,"$1Mto$10M",0,0,0,0,1,0,0,0,0
"1636",0,1636,"$10Mto$50M",0,0,1,0,0,0,0,0,0
"1637",0,1637,"$1Mto$10M",0,0,0,0,1,0,0,0,0
"1638",0,1638,"$1Mto$10M",0,0,0,0,1,0,0,0,0
"1639",0,1639,"$1Mto$10M",0,0,0,0,1,0,0,0,0
"1640",0,1640,"$10Mto$50M",0,0,1,0,0,0,0,0,0
"1641",0,1641,"Lessthan$1M",0,0,0,0,0,0,0,1,0
"1642",0,1642,"$1Mto$10M",0,0,0,0,1,0,0,0,0
"1643",0,1643,"$10Mto$50M",0,0,1,0,0,0,0,0,0
"1644",0,1644,"$50Mto$100M",0,0,0,0,0,0,1,0,0
"1645",0,1645,"$1Mto$10M",0,0,0,0,1,0,0,0,0
"1646",0,1646,"Lessthan$1M",0,0,0,0,0,0,0,1,0
"1647",0,1647,"$1Mto$10M",0,0,0,0,1,0,0,0,0
"1648",0,1648,"$1Mto$10M",0,0,0,0,1,0,0,0,0
"1649",0,1649,"Lessthan$1M",0,0,0,0,0,0,0,1,0
"1650",0,1650,"$1Mto$10M",0,0,0,0,1,0,0,0,0
"1651",0,1651,"Lessthan$1M",0,0,0,0,0,0,0,1,0
"1652",0,1652,"Lessthan$1M",0,0,0,0,0,0,0,1,0
"1653",0,1653,"$1Mto$10M",0,0,0,0,1,0,0,0,0
"1654",0,1654,"Lessthan$1M",0,0,0,0,0,0,0,1,0
"1655",0,1655,"Lessthan$1M",0,0,0,0,0,0,0,1,0
"1656",0,1656,"$1Mto$10M",0,0,0,0,1,0,0,0,0
"1657",0,1657,"$1Mto$10M",0,0,0,0,1,0,0,0,0
"1658",0,1658,"$1Mto$10M",0,0,0,0,1,0,0,0,0
"1659",0,1659,"Lessthan$1M",0,0,0,0,0,0,0,1,0
"1660",0,1660,"$1Mto$10M",0,0,0,0,1,0,0,0,0
"1661",0,1661,"Lessthan$1M",0,0,0,0,0,0,0,1,0
"1662",0,1662,"$50Mto$100M",0,0,0,0,0,0,1,0,0
"1663",0,1663,NA,NA,NA,NA,NA,NA,NA,NA,NA,1
"1664",0,1664,"$1Mto$10M",0,0,0,0,1,0,0,0,0
"1665",0,1665,"$1Mto$10M",0,0,0,0,1,0,0,0,0
"1666",0,1666,"$1Mto$10M",0,0,0,0,1,0,0,0,0
"1667",0,1667,NA,NA,NA,NA,NA,NA,NA,NA,NA,1
"1668",0,1668,"$1Mto$10M",0,0,0,0,1,0,0,0,0
"1669",0,1669,"$1Mto$10M",0,0,0,0,1,0,0,0,0
"1670",0,1670,"Lessthan$1M",0,0,0,0,0,0,0,1,0
"1671",0,1671,"$1Mto$10M",0,0,0,0,1,0,0,0,0
"1672",0,1672,"$1Mto$10M",0,0,0,0,1,0,0,0,0
"1673",0,1673,"$100Mto$500M",1,0,0,0,0,0,0,0,0
"1674",0,1674,"$1Mto$10M",0,0,0,0,1,0,0,0,0
"1675",0,1675,"Lessthan$1M",0,0,0,0,0,0,0,1,0
"1676",0,1676,"Lessthan$1M",0,0,0,0,0,0,0,1,0
"1677",0,1677,"Lessthan$1M",0,0,0,0,0,0,0,1,0
"1678",0,1678,"Lessthan$1M",0,0,0,0,0,0,0,1,0
"1679",0,1679,"Lessthan$1M",0,0,0,0,0,0,0,1,0
"1680",0,1680,"$1Mto$10M",0,0,0,0,1,0,0,0,0
"1681",0,1681,"Lessthan$1M",0,0,0,0,0,0,0,1,0
"1682",0,1682,"$10Mto$50M",0,0,1,0,0,0,0,0,0
"1683",0,1683,"$1Mto$10M",0,0,0,0,1,0,0,0,0
"1684",0,1684,"Lessthan$1M",0,0,0,0,0,0,0,1,0
"1685",0,1685,"Lessthan$1M",0,0,0,0,0,0,0,1,0
"1686",0,1686,"$100Mto$500M",1,0,0,0,0,0,0,0,0
"1687",0,1687,"$1Mto$10M",0,0,0,0,1,0,0,0,0
"1688",0,1688,"$1Mto$10M",0,0,0,0,1,0,0,0,0
"1689",0,1689,"$1Mto$10M",0,0,0,0,1,0,0,0,0
"1690",0,1690,"Lessthan$1M",0,0,0,0,0,0,0,1,0
"1691",0,1691,"$1Mto$10M",0,0,0,0,1,0,0,0,0
"1692",0,1692,"Lessthan$1M",0,0,0,0,0,0,0,1,0
"1693",0,1693,"$10Mto$50M",0,0,1,0,0,0,0,0,0
"1694",0,1694,"$10Mto$50M",0,0,1,0,0,0,0,0,0
"1695",0,1695,"$1Mto$10M",0,0,0,0,1,0,0,0,0
"1696",0,1696,"$1Mto$10M",0,0,0,0,1,0,0,0,0
"1697",0,1697,"$1Mto$10M",0,0,0,0,1,0,0,0,0
"1698",0,1698,"$1Mto$10M",0,0,0,0,1,0,0,0,0
"1699",0,1699,"Lessthan$1M",0,0,0,0,0,0,0,1,0
"1700",0,1700,"$10Mto$50M",0,0,1,0,0,0,0,0,0
"1701",0,1701,"$10Mto$50M",0,0,1,0,0,0,0,0,0
"1702",0,1702,"Lessthan$1M",0,0,0,0,0,0,0,1,0
"1703",0,1703,"Lessthan$1M",0,0,0,0,0,0,0,1,0
"1704",0,1704,"$1Mto$10M",0,0,0,0,1,0,0,0,0
"1705",0,1705,"$1Mto$10M",0,0,0,0,1,0,0,0,0
"1706",0,1706,"$10Mto$50M",0,0,1,0,0,0,0,0,0
"1707",0,1707,"$1Mto$10M",0,0,0,0,1,0,0,0,0
"1708",0,1708,"$1Mto$10M",0,0,0,0,1,0,0,0,0
"1709",0,1709,"Lessthan$1M",0,0,0,0,0,0,0,1,0
"1710",0,1710,"Lessthan$1M",0,0,0,0,0,0,0,1,0
"1711",0,1711,"Lessthan$1M",0,0,0,0,0,0,0,1,0
"1712",0,1712,"$1Mto$10M",0,0,0,0,1,0,0,0,0
"1713",0,1713,NA,NA,NA,NA,NA,NA,NA,NA,NA,1
"1714",0,1714,"$1Mto$10M",0,0,0,0,1,0,0,0,0
"1715",0,1715,"$1Mto$10M",0,0,0,0,1,0,0,0,0
"1716",0,1716,"$1Mto$10M",0,0,0,0,1,0,0,0,0
"1717",0,1717,"Lessthan$1M",0,0,0,0,0,0,0,1,0
"1718",0,1718,"Lessthan$1M",0,0,0,0,0,0,0,1,0
"1719",0,1719,"$1Mto$10M",0,0,0,0,1,0,0,0,0
"1720",0,1720,"$1Mto$10M",0,0,0,0,1,0,0,0,0
"1721",0,1721,"$1Mto$10M",0,0,0,0,1,0,0,0,0
"1722",0,1722,"$1Mto$10M",0,0,0,0,1,0,0,0,0
"1723",0,1723,"$1Mto$10M",0,0,0,0,1,0,0,0,0
"1724",0,1724,"$10Mto$50M",0,0,1,0,0,0,0,0,0
"1725",0,1725,"$1Mto$10M",0,0,0,0,1,0,0,0,0
"1726",0,1726,"$1Mto$10M",0,0,0,0,1,0,0,0,0
"1727",0,1727,"$1Mto$10M",0,0,0,0,1,0,0,0,0
"1728",0,1728,"Lessthan$1M",0,0,0,0,0,0,0,1,0
"1729",0,1729,"Lessthan$1M",0,0,0,0,0,0,0,1,0
"1730",0,1730,"Lessthan$1M",0,0,0,0,0,0,0,1,0
"1731",0,1731,"$1Mto$10M",0,0,0,0,1,0,0,0,0
"1732",0,1732,"$1Mto$10M",0,0,0,0,1,0,0,0,0
"1733",0,1733,"Lessthan$1M",0,0,0,0,0,0,0,1,0
"1734",0,1734,"Lessthan$1M",0,0,0,0,0,0,0,1,0
"1735",0,1735,"Lessthan$1M",0,0,0,0,0,0,0,1,0
"1736",0,1736,"$1Mto$10M",0,0,0,0,1,0,0,0,0
"1737",0,1737,"$1Mto$10M",0,0,0,0,1,0,0,0,0
"1738",0,1738,"$10Mto$50M",0,0,1,0,0,0,0,0,0
"1739",0,1739,"$1Mto$10M",0,0,0,0,1,0,0,0,0
"1740",0,1740,"$10Mto$50M",0,0,1,0,0,0,0,0,0
"1741",0,1741,"$1Mto$10M",0,0,0,0,1,0,0,0,0
"1742",0,1742,"$1Mto$10M",0,0,0,0,1,0,0,0,0
"1743",0,1743,"$10Mto$50M",0,0,1,0,0,0,0,0,0
"1744",0,1744,"Lessthan$1M",0,0,0,0,0,0,0,1,0
"1745",0,1745,"$10Mto$50M",0,0,1,0,0,0,0,0,0
"1746",0,1746,NA,NA,NA,NA,NA,NA,NA,NA,NA,1
"1747",0,1747,"Lessthan$1M",0,0,0,0,0,0,0,1,0
"1748",0,1748,"Lessthan$1M",0,0,0,0,0,0,0,1,0
"1749",0,1749,"$1Mto$10M",0,0,0,0,1,0,0,0,0
"1750",0,1750,"Lessthan$1M",0,0,0,0,0,0,0,1,0
"1751",0,1751,"Lessthan$1M",0,0,0,0,0,0,0,1,0
"1752",0,1752,"Lessthan$1M",0,0,0,0,0,0,0,1,0
"1753",0,1753,"Lessthan$1M",0,0,0,0,0,0,0,1,0
"1754",0,1754,"Lessthan$1M",0,0,0,0,0,0,0,1,0
"1755",0,1755,"$1Mto$10M",0,0,0,0,1,0,0,0,0
"1756",0,1756,"Lessthan$1M",0,0,0,0,0,0,0,1,0
"1757",0,1757,"Lessthan$1M",0,0,0,0,0,0,0,1,0
"1758",0,1758,"$1Mto$10M",0,0,0,0,1,0,0,0,0
"1759",0,1759,"$50Mto$100M",0,0,0,0,0,0,1,0,0
"1760",0,1760,"$1Mto$10M",0,0,0,0,1,0,0,0,0
"1761",0,1761,"Lessthan$1M",0,0,0,0,0,0,0,1,0
"1762",0,1762,"$10Mto$50M",0,0,1,0,0,0,0,0,0
"1763",0,1763,"Lessthan$1M",0,0,0,0,0,0,0,1,0
"1764",0,1764,"$1Mto$10M",0,0,0,0,1,0,0,0,0
"1765",0,1765,"$10Mto$50M",0,0,1,0,0,0,0,0,0
"1766",0,1766,"$1Mto$10M",0,0,0,0,1,0,0,0,0
"1767",0,1767,"Lessthan$1M",0,0,0,0,0,0,0,1,0
"1768",0,1768,"$1Mto$10M",0,0,0,0,1,0,0,0,0
"1769",0,1769,"$10Mto$50M",0,0,1,0,0,0,0,0,0
"1770",0,1770,"$1Mto$10M",0,0,0,0,1,0,0,0,0
"1771",0,1771,"$1Mto$10M",0,0,0,0,1,0,0,0,0
"1772",0,1772,"$1Mto$10M",0,0,0,0,1,0,0,0,0
"1773",0,1773,"$1Mto$10M",0,0,0,0,1,0,0,0,0
"1774",0,1774,"$1Mto$10M",0,0,0,0,1,0,0,0,0
"1775",0,1775,"$1Mto$10M",0,0,0,0,1,0,0,0,0
"1776",0,1776,"Lessthan$1M",0,0,0,0,0,0,0,1,0
"1777",0,1777,"$1Mto$10M",0,0,0,0,1,0,0,0,0
"1778",0,1778,"Lessthan$1M",0,0,0,0,0,0,0,1,0
"1779",0,1779,"$1Mto$10M",0,0,0,0,1,0,0,0,0
"1780",0,1780,"Lessthan$1M",0,0,0,0,0,0,0,1,0
"1781",0,1781,"$1Mto$10M",0,0,0,0,1,0,0,0,0
"1782",0,1782,"$1Mto$10M",0,0,0,0,1,0,0,0,0
"1783",0,1783,"$1Mto$10M",0,0,0,0,1,0,0,0,0
"1784",0,1784,NA,NA,NA,NA,NA,NA,NA,NA,NA,1
"1785",0,1785,"$10Mto$50M",0,0,1,0,0,0,0,0,0
"1786",0,1786,"Lessthan$1M",0,0,0,0,0,0,0,1,0
"1787",0,1787,"$10Mto$50M",0,0,1,0,0,0,0,0,0
"1788",0,1788,"Lessthan$1M",0,0,0,0,0,0,0,1,0
"1789",0,1789,"$1Mto$10M",0,0,0,0,1,0,0,0,0
"1790",0,1790,"$1Mto$10M",0,0,0,0,1,0,0,0,0
"1791",0,1791,"Lessthan$1M",0,0,0,0,0,0,0,1,0
"1792",0,1792,"Lessthan$1M",0,0,0,0,0,0,0,1,0
"1793",0,1793,"Lessthan$1M",0,0,0,0,0,0,0,1,0
"1794",0,1794,"Lessthan$1M",0,0,0,0,0,0,0,1,0
"1795",0,1795,"$1Mto$10M",0,0,0,0,1,0,0,0,0
"1796",0,1796,"$1Mto$10M",0,0,0,0,1,0,0,0,0
"1797",0,1797,"$10Mto$50M",0,0,1,0,0,0,0,0,0
"1798",0,1798,"$1Mto$10M",0,0,0,0,1,0,0,0,0
"1799",0,1799,"Lessthan$1M",0,0,0,0,0,0,0,1,0
"1800",0,1800,"Lessthan$1M",0,0,0,0,0,0,0,1,0
"1801",0,1801,"$10Mto$50M",0,0,1,0,0,0,0,0,0
"1802",0,1802,"Lessthan$1M",0,0,0,0,0,0,0,1,0
"1803",0,1803,"Lessthan$1M",0,0,0,0,0,0,0,1,0
"1804",0,1804,"$1Mto$10M",0,0,0,0,1,0,0,0,0
"1805",0,1805,"Lessthan$1M",0,0,0,0,0,0,0,1,0
"1806",0,1806,"Lessthan$1M",0,0,0,0,0,0,0,1,0
"1807",0,1807,"Lessthan$1M",0,0,0,0,0,0,0,1,0
"1808",0,1808,"$1Mto$10M",0,0,0,0,1,0,0,0,0
"1809",0,1809,"Lessthan$1M",0,0,0,0,0,0,0,1,0
"1810",0,1810,"$100Mto$500M",1,0,0,0,0,0,0,0,0
"1811",0,1811,"$1Mto$10M",0,0,0,0,1,0,0,0,0
"1812",0,1812,"$1Mto$10M",0,0,0,0,1,0,0,0,0
"1813",0,1813,"$1Mto$10M",0,0,0,0,1,0,0,0,0
"1814",0,1814,"Lessthan$1M",0,0,0,0,0,0,0,1,0
"1815",0,1815,"Lessthan$1M",0,0,0,0,0,0,0,1,0
"1816",0,1816,"$1Mto$10M",0,0,0,0,1,0,0,0,0
"1817",0,1817,"$1Mto$10M",0,0,0,0,1,0,0,0,0
"1818",0,1818,"Lessthan$1M",0,0,0,0,0,0,0,1,0
"1819",0,1819,"$1Mto$10M",0,0,0,0,1,0,0,0,0
"1820",0,1820,"$1Mto$10M",0,0,0,0,1,0,0,0,0
"1821",0,1821,"$1Mto$10M",0,0,0,0,1,0,0,0,0
"1822",0,1822,"Lessthan$1M",0,0,0,0,0,0,0,1,0
"1823",0,1823,"$1Mto$10M",0,0,0,0,1,0,0,0,0
"1824",0,1824,"$1Mto$10M",0,0,0,0,1,0,0,0,0
"1825",0,1825,"$1Mto$10M",0,0,0,0,1,0,0,0,0
"1826",0,1826,"Lessthan$1M",0,0,0,0,0,0,0,1,0
"1827",0,1827,"$1Mto$10M",0,0,0,0,1,0,0,0,0
"1828",0,1828,"$1Mto$10M",0,0,0,0,1,0,0,0,0
"1829",0,1829,"$1Mto$10M",0,0,0,0,1,0,0,0,0
"1830",0,1830,"$1Mto$10M",0,0,0,0,1,0,0,0,0
"1831",0,1831,"Lessthan$1M",0,0,0,0,0,0,0,1,0
"1832",0,1832,"Lessthan$1M",0,0,0,0,0,0,0,1,0
"1833",0,1833,"Lessthan$1M",0,0,0,0,0,0,0,1,0
"1834",0,1834,"$1Mto$10M",0,0,0,0,1,0,0,0,0
"1835",0,1835,"Lessthan$1M",0,0,0,0,0,0,0,1,0
"1836",0,1836,"$10Mto$50M",0,0,1,0,0,0,0,0,0
"1837",0,1837,"Lessthan$1M",0,0,0,0,0,0,0,1,0
"1838",0,1838,"$1Mto$10M",0,0,0,0,1,0,0,0,0
"1839",0,1839,"$1Mto$10M",0,0,0,0,1,0,0,0,0
"1840",0,1840,"$1Mto$10M",0,0,0,0,1,0,0,0,0
"1841",0,1841,"$1Mto$10M",0,0,0,0,1,0,0,0,0
"1842",0,1842,"$1Mto$10M",0,0,0,0,1,0,0,0,0
"1843",0,1843,NA,NA,NA,NA,NA,NA,NA,NA,NA,1
"1844",0,1844,"Lessthan$1M",0,0,0,0,0,0,0,1,0
"1845",0,1845,"$1Mto$10M",0,0,0,0,1,0,0,0,0
"1846",0,1846,"$1Mto$10M",0,0,0,0,1,0,0,0,0
"1847",0,1847,"$10Mto$50M",0,0,1,0,0,0,0,0,0
"1848",0,1848,"$1Mto$10M",0,0,0,0,1,0,0,0,0
"1849",0,1849,"$1Mto$10M",0,0,0,0,1,0,0,0,0
"1850",0,1850,NA,NA,NA,NA,NA,NA,NA,NA,NA,1
"1851",0,1851,"$1Mto$10M",0,0,0,0,1,0,0,0,0
"1852",0,1852,"Lessthan$1M",0,0,0,0,0,0,0,1,0
"1853",0,1853,"Lessthan$1M",0,0,0,0,0,0,0,1,0
"1854",0,1854,"$1Mto$10M",0,0,0,0,1,0,0,0,0
"1855",0,1855,"$1Mto$10M",0,0,0,0,1,0,0,0,0
"1856",0,1856,"$1Mto$10M",0,0,0,0,1,0,0,0,0
"1857",0,1857,"$1Mto$10M",0,0,0,0,1,0,0,0,0
"1858",0,1858,"$10Mto$50M",0,0,1,0,0,0,0,0,0
"1859",0,1859,"$10Mto$50M",0,0,1,0,0,0,0,0,0
"1860",0,1860,"Lessthan$1M",0,0,0,0,0,0,0,1,0
"1861",0,1861,"Lessthan$1M",0,0,0,0,0,0,0,1,0
"1862",0,1862,"$1Mto$10M",0,0,0,0,1,0,0,0,0
"1863",0,1863,"$1Mto$10M",0,0,0,0,1,0,0,0,0
"1864",0,1864,"$1Mto$10M",0,0,0,0,1,0,0,0,0
"1865",0,1865,"$1Mto$10M",0,0,0,0,1,0,0,0,0
"1866",0,1866,"$1Mto$10M",0,0,0,0,1,0,0,0,0
"1867",0,1867,"$1Mto$10M",0,0,0,0,1,0,0,0,0
"1868",0,1868,"Lessthan$1M",0,0,0,0,0,0,0,1,0
"1869",0,1869,"$1Mto$10M",0,0,0,0,1,0,0,0,0
"1870",0,1870,"$1Mto$10M",0,0,0,0,1,0,0,0,0
"1871",0,1871,"$1Mto$10M",0,0,0,0,1,0,0,0,0
"1872",0,1872,"$1Mto$10M",0,0,0,0,1,0,0,0,0
"1873",0,1873,"Lessthan$1M",0,0,0,0,0,0,0,1,0
"1874",0,1874,"$1Mto$10M",0,0,0,0,1,0,0,0,0
"1875",0,1875,"$1Mto$10M",0,0,0,0,1,0,0,0,0
"1876",0,1876,"Lessthan$1M",0,0,0,0,0,0,0,1,0
"1877",0,1877,"$10B+",0,1,0,0,0,0,0,0,0
"1878",0,1878,"$10Mto$50M",0,0,1,0,0,0,0,0,0
"1879",0,1879,"Lessthan$1M",0,0,0,0,0,0,0,1,0
"1880",0,1880,"Lessthan$1M",0,0,0,0,0,0,0,1,0
"1881",0,1881,"Lessthan$1M",0,0,0,0,0,0,0,1,0
"1882",0,1882,"$1Mto$10M",0,0,0,0,1,0,0,0,0
"1883",0,1883,"$10Mto$50M",0,0,1,0,0,0,0,0,0
"1884",0,1884,"$1Mto$10M",0,0,0,0,1,0,0,0,0
"1885",0,1885,"$1Mto$10M",0,0,0,0,1,0,0,0,0
"1886",0,1886,"$1Mto$10M",0,0,0,0,1,0,0,0,0
"1887",0,1887,NA,NA,NA,NA,NA,NA,NA,NA,NA,1
"1888",0,1888,NA,NA,NA,NA,NA,NA,NA,NA,NA,1
"1889",0,1889,"Lessthan$1M",0,0,0,0,0,0,0,1,0
"1890",0,1890,"Lessthan$1M",0,0,0,0,0,0,0,1,0
"1891",0,1891,"$1Mto$10M",0,0,0,0,1,0,0,0,0
"1892",0,1892,"Lessthan$1M",0,0,0,0,0,0,0,1,0
"1893",0,1893,"Lessthan$1M",0,0,0,0,0,0,0,1,0
"1894",0,1894,"$1Mto$10M",0,0,0,0,1,0,0,0,0
"1895",0,1895,"Lessthan$1M",0,0,0,0,0,0,0,1,0
"1896",0,1896,"$1Mto$10M",0,0,0,0,1,0,0,0,0
"1897",0,1897,"$1Mto$10M",0,0,0,0,1,0,0,0,0
"1898",0,1898,"$10Mto$50M",0,0,1,0,0,0,0,0,0
"1899",0,1899,"$1Mto$10M",0,0,0,0,1,0,0,0,0
"1900",0,1900,"$50Mto$100M",0,0,0,0,0,0,1,0,0
"1901",0,1901,"Lessthan$1M",0,0,0,0,0,0,0,1,0
"1902",0,1902,"$1Mto$10M",0,0,0,0,1,0,0,0,0
"1903",0,1903,"$1Mto$10M",0,0,0,0,1,0,0,0,0
"1904",0,1904,"Lessthan$1M",0,0,0,0,0,0,0,1,0
"1905",0,1905,"$1Mto$10M",0,0,0,0,1,0,0,0,0
"1906",0,1906,"Lessthan$1M",0,0,0,0,0,0,0,1,0
"1907",0,1907,"Lessthan$1M",0,0,0,0,0,0,0,1,0
"1908",0,1908,"$1Mto$10M",0,0,0,0,1,0,0,0,0
"1909",0,1909,"Lessthan$1M",0,0,0,0,0,0,0,1,0
"1910",0,1910,"$1Mto$10M",0,0,0,0,1,0,0,0,0
"1911",0,1911,"$1Mto$10M",0,0,0,0,1,0,0,0,0
"1912",0,1912,"$10Mto$50M",0,0,1,0,0,0,0,0,0
"1913",0,1913,"Lessthan$1M",0,0,0,0,0,0,0,1,0
"1914",0,1914,"Lessthan$1M",0,0,0,0,0,0,0,1,0
"1915",0,1915,"Lessthan$1M",0,0,0,0,0,0,0,1,0
"1916",0,1916,"Lessthan$1M",0,0,0,0,0,0,0,1,0
"1917",0,1917,"Lessthan$1M",0,0,0,0,0,0,0,1,0
"1918",0,1918,"$1Mto$10M",0,0,0,0,1,0,0,0,0
"1919",0,1919,"Lessthan$1M",0,0,0,0,0,0,0,1,0
"1920",0,1920,"$1Mto$10M",0,0,0,0,1,0,0,0,0
"1921",0,1921,"$1Mto$10M",0,0,0,0,1,0,0,0,0
"1922",0,1922,"Lessthan$1M",0,0,0,0,0,0,0,1,0
"1923",0,1923,"$1Mto$10M",0,0,0,0,1,0,0,0,0
"1924",0,1924,"Lessthan$1M",0,0,0,0,0,0,0,1,0
"1925",0,1925,"$1Mto$10M",0,0,0,0,1,0,0,0,0
"1926",0,1926,"$10Mto$50M",0,0,1,0,0,0,0,0,0
"1927",0,1927,"Lessthan$1M",0,0,0,0,0,0,0,1,0
"1928",0,1928,"Lessthan$1M",0,0,0,0,0,0,0,1,0
"1929",0,1929,"Lessthan$1M",0,0,0,0,0,0,0,1,0
"1930",0,1930,"$1Mto$10M",0,0,0,0,1,0,0,0,0
"1931",0,1931,"$10Mto$50M",0,0,1,0,0,0,0,0,0
"1932",0,1932,"$1Mto$10M",0,0,0,0,1,0,0,0,0
"1933",0,1933,"$1Mto$10M",0,0,0,0,1,0,0,0,0
"1934",0,1934,"$10Mto$50M",0,0,1,0,0,0,0,0,0
"1935",0,1935,"$10Mto$50M",0,0,1,0,0,0,0,0,0
"1936",0,1936,"$500Mto$1B",0,0,0,0,0,1,0,0,0
"1937",0,1937,"$1Mto$10M",0,0,0,0,1,0,0,0,0
"1938",0,1938,"Lessthan$1M",0,0,0,0,0,0,0,1,0
"1939",0,1939,"$1Mto$10M",0,0,0,0,1,0,0,0,0
"1940",0,1940,"$10Mto$50M",0,0,1,0,0,0,0,0,0
"1941",0,1941,"Lessthan$1M",0,0,0,0,0,0,0,1,0
"1942",0,1942,"Lessthan$1M",0,0,0,0,0,0,0,1,0
"1943",0,1943,"$1Mto$10M",0,0,0,0,1,0,0,0,0
"1944",0,1944,"$100Mto$500M",1,0,0,0,0,0,0,0,0
"1945",0,1945,"Lessthan$1M",0,0,0,0,0,0,0,1,0
"1946",0,1946,"$1Mto$10M",0,0,0,0,1,0,0,0,0
"1947",0,1947,"Lessthan$1M",0,0,0,0,0,0,0,1,0
"1948",0,1948,"$1Mto$10M",0,0,0,0,1,0,0,0,0
"1949",0,1949,"$1Mto$10M",0,0,0,0,1,0,0,0,0
"1950",0,1950,"$1Mto$10M",0,0,0,0,1,0,0,0,0
"1951",0,1951,"Lessthan$1M",0,0,0,0,0,0,0,1,0
"1952",0,1952,"Lessthan$1M",0,0,0,0,0,0,0,1,0
"1953",0,1953,"Lessthan$1M",0,0,0,0,0,0,0,1,0
"1954",0,1954,"$1Mto$10M",0,0,0,0,1,0,0,0,0
"1955",0,1955,"$1Mto$10M",0,0,0,0,1,0,0,0,0
"1956",0,1956,"Lessthan$1M",0,0,0,0,0,0,0,1,0
"1957",0,1957,"$1Mto$10M",0,0,0,0,1,0,0,0,0
"1958",0,1958,"Lessthan$1M",0,0,0,0,0,0,0,1,0
"1959",0,1959,NA,NA,NA,NA,NA,NA,NA,NA,NA,1
"1960",0,1960,"Lessthan$1M",0,0,0,0,0,0,0,1,0
"1961",0,1961,"$1Mto$10M",0,0,0,0,1,0,0,0,0
"1962",0,1962,"Lessthan$1M",0,0,0,0,0,0,0,1,0
"1963",0,1963,"$100Mto$500M",1,0,0,0,0,0,0,0,0
"1964",0,1964,"$10Mto$50M",0,0,1,0,0,0,0,0,0
"1965",0,1965,"$1Mto$10M",0,0,0,0,1,0,0,0,0
"1966",0,1966,"Lessthan$1M",0,0,0,0,0,0,0,1,0
"1967",0,1967,"Lessthan$1M",0,0,0,0,0,0,0,1,0
"1968",0,1968,"$100Mto$500M",1,0,0,0,0,0,0,0,0
"1969",0,1969,"$1Mto$10M",0,0,0,0,1,0,0,0,0
"1970",0,1970,"Lessthan$1M",0,0,0,0,0,0,0,1,0
"1971",0,1971,"Lessthan$1M",0,0,0,0,0,0,0,1,0
"1972",0,1972,"Lessthan$1M",0,0,0,0,0,0,0,1,0
"1973",0,1973,NA,NA,NA,NA,NA,NA,NA,NA,NA,1
"1974",0,1974,"Lessthan$1M",0,0,0,0,0,0,0,1,0
"1975",0,1975,"Lessthan$1M",0,0,0,0,0,0,0,1,0
"1976",0,1976,"$10Mto$50M",0,0,1,0,0,0,0,0,0
"1977",0,1977,"$1Mto$10M",0,0,0,0,1,0,0,0,0
"1978",0,1978,"$1Mto$10M",0,0,0,0,1,0,0,0,0
"1979",0,1979,"$1Mto$10M",0,0,0,0,1,0,0,0,0
"1980",0,1980,"Lessthan$1M",0,0,0,0,0,0,0,1,0
"1981",0,1981,NA,NA,NA,NA,NA,NA,NA,NA,NA,1
"1982",0,1982,"Lessthan$1M",0,0,0,0,0,0,0,1,0
"1983",0,1983,"Lessthan$1M",0,0,0,0,0,0,0,1,0
"1984",0,1984,"$1Mto$10M",0,0,0,0,1,0,0,0,0
"1985",0,1985,"Lessthan$1M",0,0,0,0,0,0,0,1,0
"1986",0,1986,"$1Mto$10M",0,0,0,0,1,0,0,0,0
"1987",0,1987,"$1Mto$10M",0,0,0,0,1,0,0,0,0
"1988",0,1988,"$1Mto$10M",0,0,0,0,1,0,0,0,0
"1989",0,1989,"Lessthan$1M",0,0,0,0,0,0,0,1,0
"1990",0,1990,"$50Mto$100M",0,0,0,0,0,0,1,0,0
"1991",0,1991,"Lessthan$1M",0,0,0,0,0,0,0,1,0
"1992",0,1992,"$1Mto$10M",0,0,0,0,1,0,0,0,0
"1993",0,1993,"Lessthan$1M",0,0,0,0,0,0,0,1,0
"1994",0,1994,"$1Mto$10M",0,0,0,0,1,0,0,0,0
"1995",0,1995,NA,NA,NA,NA,NA,NA,NA,NA,NA,1
"1996",0,1996,"Lessthan$1M",0,0,0,0,0,0,0,1,0
"1997",0,1997,"Lessthan$1M",0,0,0,0,0,0,0,1,0
"1998",0,1998,"$1Mto$10M",0,0,0,0,1,0,0,0,0
"1999",0,1999,"$1Mto$10M",0,0,0,0,1,0,0,0,0
"2000",0,2000,"$1Mto$10M",0,0,0,0,1,0,0,0,0
