"","id","tr","Trademarks","Trademarks_0to10","Trademarks_10to100","Trademarks_100+","Trademarks_NA"
"1",1,"24","10to100",0,1,0,0
"2",2,"8","0to10",1,0,0,0
"3",3,"7","0to10",1,0,0,0
"4",4,"66","10to100",0,1,0,0
"5",5,"37","10to100",0,1,0,0
"6",6,"0","0to10",1,0,0,0
"7",7,"15","10to100",0,1,0,0
"8",8,"259","100+",0,0,1,0
"9",9,"276","100+",0,0,1,0
"10",10,"2","0to10",1,0,0,0
"11",11,"182","100+",0,0,1,0
"12",12,"14","10to100",0,1,0,0
"13",13,"8","0to10",1,0,0,0
"14",14,"36","10to100",0,1,0,0
"15",15,"5","0to10",1,0,0,0
"16",16,"56","10to100",0,1,0,0
"17",17,"178","100+",0,0,1,0
"18",18,"13","10to100",0,1,0,0
"19",19,"44","10to100",0,1,0,0
"20",20,"11","10to100",0,1,0,0
"21",21,"13","10to100",0,1,0,0
"22",22,"23","10to100",0,1,0,0
"23",23,"NA","NA",0,0,0,1
"24",24,"NA","NA",0,0,0,1
"25",25,"9","0to10",1,0,0,0
"26",26,"4","0to10",1,0,0,0
"27",27,"32","10to100",0,1,0,0
"28",28,"145","100+",0,0,1,0
"29",29,"29","10to100",0,1,0,0
"30",30,"9","0to10",1,0,0,0
"31",31,"16","10to100",0,1,0,0
"32",32,"38","10to100",0,1,0,0
"33",33,"3","0to10",1,0,0,0
"34",34,"5","0to10",1,0,0,0
"35",35,"NA","NA",0,0,0,1
"36",36,"8","0to10",1,0,0,0
"37",37,"19","10to100",0,1,0,0
"38",38,"3","0to10",1,0,0,0
"39",39,"2","0to10",1,0,0,0
"40",40,"73","10to100",0,1,0,0
"41",41,"NA","NA",0,0,0,1
"42",42,"NA","NA",0,0,0,1
"43",43,"4","0to10",1,0,0,0
"44",44,"8","0to10",1,0,0,0
"45",45,"220","100+",0,0,1,0
"46",46,"1","0to10",1,0,0,0
"47",47,"17","10to100",0,1,0,0
"48",48,"1","0to10",1,0,0,0
"49",49,"9","0to10",1,0,0,0
"50",50,"25","10to100",0,1,0,0
"51",51,"3","0to10",1,0,0,0
"52",52,"1","0to10",1,0,0,0
"53",53,"9","0to10",1,0,0,0
"54",54,"NA","NA",0,0,0,1
"55",55,"19","10to100",0,1,0,0
"56",56,"9","0to10",1,0,0,0
"57",57,"3","0to10",1,0,0,0
"58",58,"NA","NA",0,0,0,1
"59",59,"1","0to10",1,0,0,0
"60",60,"68","10to100",0,1,0,0
"61",61,"1","0to10",1,0,0,0
"62",62,"1","0to10",1,0,0,0
"63",63,"491","100+",0,0,1,0
"64",64,"1","0to10",1,0,0,0
"65",65,"10","0to10",1,0,0,0
"66",66,"48","10to100",0,1,0,0
"67",67,"30","10to100",0,1,0,0
"68",68,"48","10to100",0,1,0,0
"69",69,"6","0to10",1,0,0,0
"70",70,"NA","NA",0,0,0,1
"71",71,"1","0to10",1,0,0,0
"72",72,"4","0to10",1,0,0,0
"73",73,"7","0to10",1,0,0,0
"74",74,"6","0to10",1,0,0,0
"75",75,"37","10to100",0,1,0,0
"76",76,"9","0to10",1,0,0,0
"77",77,"2","0to10",1,0,0,0
"78",78,"9","0to10",1,0,0,0
"79",79,"NA","NA",0,0,0,1
"80",80,"6","0to10",1,0,0,0
"81",81,"NA","NA",0,0,0,1
"82",82,"NA","NA",0,0,0,1
"83",83,"543","100+",0,0,1,0
"84",84,"NA","NA",0,0,0,1
"85",85,"1","0to10",1,0,0,0
"86",86,"13","10to100",0,1,0,0
"87",87,"4","0to10",1,0,0,0
"88",88,"3","0to10",1,0,0,0
"89",89,"32","10to100",0,1,0,0
"90",90,"4","0to10",1,0,0,0
"91",91,"6","0to10",1,0,0,0
"92",92,"NA","NA",0,0,0,1
"93",93,"2","0to10",1,0,0,0
"94",94,"1","0to10",1,0,0,0
"95",95,"2","0to10",1,0,0,0
"96",96,"7","0to10",1,0,0,0
"97",97,"5","0to10",1,0,0,0
"98",98,"23","10to100",0,1,0,0
"99",99,"3","0to10",1,0,0,0
"100",100,"16","10to100",0,1,0,0
"101",101,"5","0to10",1,0,0,0
"102",102,"10","0to10",1,0,0,0
"103",103,"3","0to10",1,0,0,0
"104",104,"15","10to100",0,1,0,0
"105",105,"104","100+",0,0,1,0
"106",106,"NA","NA",0,0,0,1
"107",107,"6","0to10",1,0,0,0
"108",108,"NA","NA",0,0,0,1
"109",109,"NA","NA",0,0,0,1
"110",110,"NA","NA",0,0,0,1
"111",111,"8","0to10",1,0,0,0
"112",112,"NA","NA",0,0,0,1
"113",113,"8","0to10",1,0,0,0
"114",114,"10","0to10",1,0,0,0
"115",115,"NA","NA",0,0,0,1
"116",116,"35","10to100",0,1,0,0
"117",117,"NA","NA",0,0,0,1
"118",118,"36","10to100",0,1,0,0
"119",119,"1","0to10",1,0,0,0
"120",120,"1","0to10",1,0,0,0
"121",121,"NA","NA",0,0,0,1
"122",122,"6","0to10",1,0,0,0
"123",123,"8","0to10",1,0,0,0
"124",124,"12","10to100",0,1,0,0
"125",125,"12","10to100",0,1,0,0
"126",126,"5","0to10",1,0,0,0
"127",127,"7","0to10",1,0,0,0
"128",128,"NA","NA",0,0,0,1
"129",129,"1","0to10",1,0,0,0
"130",130,"NA","NA",0,0,0,1
"131",131,"NA","NA",0,0,0,1
"132",132,"NA","NA",0,0,0,1
"133",133,"56","10to100",0,1,0,0
"134",134,"3","0to10",1,0,0,0
"135",135,"1","0to10",1,0,0,0
"136",136,"28","10to100",0,1,0,0
"137",137,"9","0to10",1,0,0,0
"138",138,"1","0to10",1,0,0,0
"139",139,"35","10to100",0,1,0,0
"140",140,"2","0to10",1,0,0,0
"141",141,"3","0to10",1,0,0,0
"142",142,"NA","NA",0,0,0,1
"143",143,"9","0to10",1,0,0,0
"144",144,"NA","NA",0,0,0,1
"145",145,"4","0to10",1,0,0,0
"146",146,"4","0to10",1,0,0,0
"147",147,"13","10to100",0,1,0,0
"148",148,"8","0to10",1,0,0,0
"149",149,"4","0to10",1,0,0,0
"150",150,"90","10to100",0,1,0,0
"151",151,"9","0to10",1,0,0,0
"152",152,"4","0to10",1,0,0,0
"153",153,"29","10to100",0,1,0,0
"154",154,"3","0to10",1,0,0,0
"155",155,"NA","NA",0,0,0,1
"156",156,"29","10to100",0,1,0,0
"157",157,"6","0to10",1,0,0,0
"158",158,"3","0to10",1,0,0,0
"159",159,"1","0to10",1,0,0,0
"160",160,"4","0to10",1,0,0,0
"161",161,"NA","NA",0,0,0,1
"162",162,"9","0to10",1,0,0,0
"163",163,"NA","NA",0,0,0,1
"164",164,"7","0to10",1,0,0,0
"165",165,"10","0to10",1,0,0,0
"166",166,"2","0to10",1,0,0,0
"167",167,"53","10to100",0,1,0,0
"168",168,"14","10to100",0,1,0,0
"169",169,"1","0to10",1,0,0,0
"170",170,"31","10to100",0,1,0,0
"171",171,"17","10to100",0,1,0,0
"172",172,"6","0to10",1,0,0,0
"173",173,"NA","NA",0,0,0,1
"174",174,"1","0to10",1,0,0,0
"175",175,"19","10to100",0,1,0,0
"176",176,"1","0to10",1,0,0,0
"177",177,"21","10to100",0,1,0,0
"178",178,"4","0to10",1,0,0,0
"179",179,"3","0to10",1,0,0,0
"180",180,"7","0to10",1,0,0,0
"181",181,"1","0to10",1,0,0,0
"182",182,"3","0to10",1,0,0,0
"183",183,"3","0to10",1,0,0,0
"184",184,"2","0to10",1,0,0,0
"185",185,"14","10to100",0,1,0,0
"186",186,"24","10to100",0,1,0,0
"187",187,"2","0to10",1,0,0,0
"188",188,"32","10to100",0,1,0,0
"189",189,"41","10to100",0,1,0,0
"190",190,"1","0to10",1,0,0,0
"191",191,"NA","NA",0,0,0,1
"192",192,"NA","NA",0,0,0,1
"193",193,"NA","NA",0,0,0,1
"194",194,"3","0to10",1,0,0,0
"195",195,"4","0to10",1,0,0,0
"196",196,"1","0to10",1,0,0,0
"197",197,"NA","NA",0,0,0,1
"198",198,"NA","NA",0,0,0,1
"199",199,"0","0to10",1,0,0,0
"200",200,"7","0to10",1,0,0,0
"201",201,"5","0to10",1,0,0,0
"202",202,"11","10to100",0,1,0,0
"203",203,"3","0to10",1,0,0,0
"204",204,"0","0to10",1,0,0,0
"205",205,"5","0to10",1,0,0,0
"206",206,"23","10to100",0,1,0,0
"207",207,"5","0to10",1,0,0,0
"208",208,"2","0to10",1,0,0,0
"209",209,"34","10to100",0,1,0,0
"210",210,"3","0to10",1,0,0,0
"211",211,"NA","NA",0,0,0,1
"212",212,"6","0to10",1,0,0,0
"213",213,"4","0to10",1,0,0,0
"214",214,"10","0to10",1,0,0,0
"215",215,"1","0to10",1,0,0,0
"216",216,"10","0to10",1,0,0,0
"217",217,"4","0to10",1,0,0,0
"218",218,"2","0to10",1,0,0,0
"219",219,"27","10to100",0,1,0,0
"220",220,"4","0to10",1,0,0,0
"221",221,"8","0to10",1,0,0,0
"222",222,"47","10to100",0,1,0,0
"223",223,"5","0to10",1,0,0,0
"224",224,"10","0to10",1,0,0,0
"225",225,"NA","NA",0,0,0,1
"226",226,"1","0to10",1,0,0,0
"227",227,"NA","NA",0,0,0,1
"228",228,"2","0to10",1,0,0,0
"229",229,"NA","NA",0,0,0,1
"230",230,"2","0to10",1,0,0,0
"231",231,"8","0to10",1,0,0,0
"232",232,"1","0to10",1,0,0,0
"233",233,"NA","NA",0,0,0,1
"234",234,"10","0to10",1,0,0,0
"235",235,"1","0to10",1,0,0,0
"236",236,"8","0to10",1,0,0,0
"237",237,"1","0to10",1,0,0,0
"238",238,"33","10to100",0,1,0,0
"239",239,"19","10to100",0,1,0,0
"240",240,"17","10to100",0,1,0,0
"241",241,"1","0to10",1,0,0,0
"242",242,"4","0to10",1,0,0,0
"243",243,"9","0to10",1,0,0,0
"244",244,"10","0to10",1,0,0,0
"245",245,"17","10to100",0,1,0,0
"246",246,"5","0to10",1,0,0,0
"247",247,"18","10to100",0,1,0,0
"248",248,"5","0to10",1,0,0,0
"249",249,"NA","NA",0,0,0,1
"250",250,"2","0to10",1,0,0,0
"251",251,"NA","NA",0,0,0,1
"252",252,"33","10to100",0,1,0,0
"253",253,"NA","NA",0,0,0,1
"254",254,"12","10to100",0,1,0,0
"255",255,"1","0to10",1,0,0,0
"256",256,"14","10to100",0,1,0,0
"257",257,"NA","NA",0,0,0,1
"258",258,"22","10to100",0,1,0,0
"259",259,"2","0to10",1,0,0,0
"260",260,"NA","NA",0,0,0,1
"261",261,"1","0to10",1,0,0,0
"262",262,"59","10to100",0,1,0,0
"263",263,"11","10to100",0,1,0,0
"264",264,"552","100+",0,0,1,0
"265",265,"35","10to100",0,1,0,0
"266",266,"9","0to10",1,0,0,0
"267",267,"6","0to10",1,0,0,0
"268",268,"2","0to10",1,0,0,0
"269",269,"2","0to10",1,0,0,0
"270",270,"NA","NA",0,0,0,1
"271",271,"NA","NA",0,0,0,1
"272",272,"3","0to10",1,0,0,0
"273",273,"1","0to10",1,0,0,0
"274",274,"5","0to10",1,0,0,0
"275",275,"28","10to100",0,1,0,0
"276",276,"18","10to100",0,1,0,0
"277",277,"3","0to10",1,0,0,0
"278",278,"1","0to10",1,0,0,0
"279",279,"1","0to10",1,0,0,0
"280",280,"0","0to10",1,0,0,0
"281",281,"12","10to100",0,1,0,0
"282",282,"NA","NA",0,0,0,1
"283",283,"NA","NA",0,0,0,1
"284",284,"6","0to10",1,0,0,0
"285",285,"11","10to100",0,1,0,0
"286",286,"34","10to100",0,1,0,0
"287",287,"1","0to10",1,0,0,0
"288",288,"NA","NA",0,0,0,1
"289",289,"12","10to100",0,1,0,0
"290",290,"2","0to10",1,0,0,0
"291",291,"1","0to10",1,0,0,0
"292",292,"1","0to10",1,0,0,0
"293",293,"2","0to10",1,0,0,0
"294",294,"6","0to10",1,0,0,0
"295",295,"2","0to10",1,0,0,0
"296",296,"23","10to100",0,1,0,0
"297",297,"65","10to100",0,1,0,0
"298",298,"3","0to10",1,0,0,0
"299",299,"12","10to100",0,1,0,0
"300",300,"6","0to10",1,0,0,0
"301",301,"3","0to10",1,0,0,0
"302",302,"NA","NA",0,0,0,1
"303",303,"13","10to100",0,1,0,0
"304",304,"NA","NA",0,0,0,1
"305",305,"90","10to100",0,1,0,0
"306",306,"NA","NA",0,0,0,1
"307",307,"NA","NA",0,0,0,1
"308",308,"NA","NA",0,0,0,1
"309",309,"19","10to100",0,1,0,0
"310",310,"NA","NA",0,0,0,1
"311",311,"2","0to10",1,0,0,0
"312",312,"4","0to10",1,0,0,0
"313",313,"1","0to10",1,0,0,0
"314",314,"NA","NA",0,0,0,1
"315",315,"NA","NA",0,0,0,1
"316",316,"13","10to100",0,1,0,0
"317",317,"NA","NA",0,0,0,1
"318",318,"NA","NA",0,0,0,1
"319",319,"NA","NA",0,0,0,1
"320",320,"3","0to10",1,0,0,0
"321",321,"2","0to10",1,0,0,0
"322",322,"9","0to10",1,0,0,0
"323",323,"8","0to10",1,0,0,0
"324",324,"1","0to10",1,0,0,0
"325",325,"3","0to10",1,0,0,0
"326",326,"40","10to100",0,1,0,0
"327",327,"24","10to100",0,1,0,0
"328",328,"17","10to100",0,1,0,0
"329",329,"1","0to10",1,0,0,0
"330",330,"2","0to10",1,0,0,0
"331",331,"5","0to10",1,0,0,0
"332",332,"4","0to10",1,0,0,0
"333",333,"2","0to10",1,0,0,0
"334",334,"16","10to100",0,1,0,0
"335",335,"NA","NA",0,0,0,1
"336",336,"NA","NA",0,0,0,1
"337",337,"8","0to10",1,0,0,0
"338",338,"1","0to10",1,0,0,0
"339",339,"5","0to10",1,0,0,0
"340",340,"60","10to100",0,1,0,0
"341",341,"95","10to100",0,1,0,0
"342",342,"1","0to10",1,0,0,0
"343",343,"NA","NA",0,0,0,1
"344",344,"3","0to10",1,0,0,0
"345",345,"NA","NA",0,0,0,1
"346",346,"NA","NA",0,0,0,1
"347",347,"12","10to100",0,1,0,0
"348",348,"7","0to10",1,0,0,0
"349",349,"NA","NA",0,0,0,1
"350",350,"NA","NA",0,0,0,1
"351",351,"17","10to100",0,1,0,0
"352",352,"29","10to100",0,1,0,0
"353",353,"10","0to10",1,0,0,0
"354",354,"NA","NA",0,0,0,1
"355",355,"NA","NA",0,0,0,1
"356",356,"4","0to10",1,0,0,0
"357",357,"0","0to10",1,0,0,0
"358",358,"NA","NA",0,0,0,1
"359",359,"2","0to10",1,0,0,0
"360",360,"1","0to10",1,0,0,0
"361",361,"NA","NA",0,0,0,1
"362",362,"2","0to10",1,0,0,0
"363",363,"16","10to100",0,1,0,0
"364",364,"NA","NA",0,0,0,1
"365",365,"2","0to10",1,0,0,0
"366",366,"3","0to10",1,0,0,0
"367",367,"2","0to10",1,0,0,0
"368",368,"66","10to100",0,1,0,0
"369",369,"10","0to10",1,0,0,0
"370",370,"NA","NA",0,0,0,1
"371",371,"NA","NA",0,0,0,1
"372",372,"6","0to10",1,0,0,0
"373",373,"2","0to10",1,0,0,0
"374",374,"3","0to10",1,0,0,0
"375",375,"0","0to10",1,0,0,0
"376",376,"NA","NA",0,0,0,1
"377",377,"NA","NA",0,0,0,1
"378",378,"NA","NA",0,0,0,1
"379",379,"1","0to10",1,0,0,0
"380",380,"1","0to10",1,0,0,0
"381",381,"NA","NA",0,0,0,1
"382",382,"NA","NA",0,0,0,1
"383",383,"NA","NA",0,0,0,1
"384",384,"NA","NA",0,0,0,1
"385",385,"7","0to10",1,0,0,0
"386",386,"32","10to100",0,1,0,0
"387",387,"4","0to10",1,0,0,0
"388",388,"10","0to10",1,0,0,0
"389",389,"11","10to100",0,1,0,0
"390",390,"NA","NA",0,0,0,1
"391",391,"NA","NA",0,0,0,1
"392",392,"2","0to10",1,0,0,0
"393",393,"8","0to10",1,0,0,0
"394",394,"3","0to10",1,0,0,0
"395",395,"3","0to10",1,0,0,0
"396",396,"NA","NA",0,0,0,1
"397",397,"NA","NA",0,0,0,1
"398",398,"4","0to10",1,0,0,0
"399",399,"1","0to10",1,0,0,0
"400",400,"NA","NA",0,0,0,1
"401",401,"1","0to10",1,0,0,0
"402",402,"54","10to100",0,1,0,0
"403",403,"17","10to100",0,1,0,0
"404",404,"3","0to10",1,0,0,0
"405",405,"6","0to10",1,0,0,0
"406",406,"2","0to10",1,0,0,0
"407",407,"15","10to100",0,1,0,0
"408",408,"0","0to10",1,0,0,0
"409",409,"3","0to10",1,0,0,0
"410",410,"4","0to10",1,0,0,0
"411",411,"NA","NA",0,0,0,1
"412",412,"1","0to10",1,0,0,0
"413",413,"NA","NA",0,0,0,1
"414",414,"1","0to10",1,0,0,0
"415",415,"NA","NA",0,0,0,1
"416",416,"2","0to10",1,0,0,0
"417",417,"12","10to100",0,1,0,0
"418",418,"12","10to100",0,1,0,0
"419",419,"2","0to10",1,0,0,0
"420",420,"20","10to100",0,1,0,0
"421",421,"1","0to10",1,0,0,0
"422",422,"5","0to10",1,0,0,0
"423",423,"88","10to100",0,1,0,0
"424",424,"37","10to100",0,1,0,0
"425",425,"1","0to10",1,0,0,0
"426",426,"NA","NA",0,0,0,1
"427",427,"NA","NA",0,0,0,1
"428",428,"0","0to10",1,0,0,0
"429",429,"NA","NA",0,0,0,1
"430",430,"1","0to10",1,0,0,0
"431",431,"10","0to10",1,0,0,0
"432",432,"NA","NA",0,0,0,1
"433",433,"3","0to10",1,0,0,0
"434",434,"4","0to10",1,0,0,0
"435",435,"NA","NA",0,0,0,1
"436",436,"6","0to10",1,0,0,0
"437",437,"NA","NA",0,0,0,1
"438",438,"NA","NA",0,0,0,1
"439",439,"11","10to100",0,1,0,0
"440",440,"28","10to100",0,1,0,0
"441",441,"50","10to100",0,1,0,0
"442",442,"2","0to10",1,0,0,0
"443",443,"1","0to10",1,0,0,0
"444",444,"34","10to100",0,1,0,0
"445",445,"0","0to10",1,0,0,0
"446",446,"3","0to10",1,0,0,0
"447",447,"NA","NA",0,0,0,1
"448",448,"32","10to100",0,1,0,0
"449",449,"2","0to10",1,0,0,0
"450",450,"23","10to100",0,1,0,0
"451",451,"1","0to10",1,0,0,0
"452",452,"3","0to10",1,0,0,0
"453",453,"1","0to10",1,0,0,0
"454",454,"3","0to10",1,0,0,0
"455",455,"2","0to10",1,0,0,0
"456",456,"1","0to10",1,0,0,0
"457",457,"2","0to10",1,0,0,0
"458",458,"1","0to10",1,0,0,0
"459",459,"1","0to10",1,0,0,0
"460",460,"7","0to10",1,0,0,0
"461",461,"1","0to10",1,0,0,0
"462",462,"2","0to10",1,0,0,0
"463",463,"36","10to100",0,1,0,0
"464",464,"1","0to10",1,0,0,0
"465",465,"36","10to100",0,1,0,0
"466",466,"NA","NA",0,0,0,1
"467",467,"NA","NA",0,0,0,1
"468",468,"2","0to10",1,0,0,0
"469",469,"0","0to10",1,0,0,0
"470",470,"NA","NA",0,0,0,1
"471",471,"NA","NA",0,0,0,1
"472",472,"2","0to10",1,0,0,0
"473",473,"4","0to10",1,0,0,0
"474",474,"2,079","NA",0,0,0,1
"475",475,"3","0to10",1,0,0,0
"476",476,"46","10to100",0,1,0,0
"477",477,"42","10to100",0,1,0,0
"478",478,"NA","NA",0,0,0,1
"479",479,"9","0to10",1,0,0,0
"480",480,"7","0to10",1,0,0,0
"481",481,"6","0to10",1,0,0,0
"482",482,"12","10to100",0,1,0,0
"483",483,"2","0to10",1,0,0,0
"484",484,"NA","NA",0,0,0,1
"485",485,"5","0to10",1,0,0,0
"486",486,"1","0to10",1,0,0,0
"487",487,"6","0to10",1,0,0,0
"488",488,"NA","NA",0,0,0,1
"489",489,"2","0to10",1,0,0,0
"490",490,"2","0to10",1,0,0,0
"491",491,"NA","NA",0,0,0,1
"492",492,"NA","NA",0,0,0,1
"493",493,"5","0to10",1,0,0,0
"494",494,"NA","NA",0,0,0,1
"495",495,"11","10to100",0,1,0,0
"496",496,"NA","NA",0,0,0,1
"497",497,"NA","NA",0,0,0,1
"498",498,"2","0to10",1,0,0,0
"499",499,"NA","NA",0,0,0,1
"500",500,"3","0to10",1,0,0,0
"501",501,"4","0to10",1,0,0,0
"502",502,"1","0to10",1,0,0,0
"503",503,"NA","NA",0,0,0,1
"504",504,"NA","NA",0,0,0,1
"505",505,"NA","NA",0,0,0,1
"506",506,"NA","NA",0,0,0,1
"507",507,"6","0to10",1,0,0,0
"508",508,"1","0to10",1,0,0,0
"509",509,"0","0to10",1,0,0,0
"510",510,"NA","NA",0,0,0,1
"511",511,"5","0to10",1,0,0,0
"512",512,"10","0to10",1,0,0,0
"513",513,"4","0to10",1,0,0,0
"514",514,"2","0to10",1,0,0,0
"515",515,"NA","NA",0,0,0,1
"516",516,"9","0to10",1,0,0,0
"517",517,"NA","NA",0,0,0,1
"518",518,"3","0to10",1,0,0,0
"519",519,"NA","NA",0,0,0,1
"520",520,"1","0to10",1,0,0,0
"521",521,"1","0to10",1,0,0,0
"522",522,"4","0to10",1,0,0,0
"523",523,"5","0to10",1,0,0,0
"524",524,"320","100+",0,0,1,0
"525",525,"2","0to10",1,0,0,0
"526",526,"7","0to10",1,0,0,0
"527",527,"NA","NA",0,0,0,1
"528",528,"20","10to100",0,1,0,0
"529",529,"5","0to10",1,0,0,0
"530",530,"1","0to10",1,0,0,0
"531",531,"5","0to10",1,0,0,0
"532",532,"1","0to10",1,0,0,0
"533",533,"3","0to10",1,0,0,0
"534",534,"27","10to100",0,1,0,0
"535",535,"7","0to10",1,0,0,0
"536",536,"6","0to10",1,0,0,0
"537",537,"1","0to10",1,0,0,0
"538",538,"NA","NA",0,0,0,1
"539",539,"NA","NA",0,0,0,1
"540",540,"NA","NA",0,0,0,1
"541",541,"53","10to100",0,1,0,0
"542",542,"4","0to10",1,0,0,0
"543",543,"4","0to10",1,0,0,0
"544",544,"NA","NA",0,0,0,1
"545",545,"7","0to10",1,0,0,0
"546",546,"NA","NA",0,0,0,1
"547",547,"1","0to10",1,0,0,0
"548",548,"18","10to100",0,1,0,0
"549",549,"40","10to100",0,1,0,0
"550",550,"NA","NA",0,0,0,1
"551",551,"1","0to10",1,0,0,0
"552",552,"2","0to10",1,0,0,0
"553",553,"NA","NA",0,0,0,1
"554",554,"29","10to100",0,1,0,0
"555",555,"2","0to10",1,0,0,0
"556",556,"5","0to10",1,0,0,0
"557",557,"2","0to10",1,0,0,0
"558",558,"NA","NA",0,0,0,1
"559",559,"10","0to10",1,0,0,0
"560",560,"NA","NA",0,0,0,1
"561",561,"4","0to10",1,0,0,0
"562",562,"7","0to10",1,0,0,0
"563",563,"28","10to100",0,1,0,0
"564",564,"35","10to100",0,1,0,0
"565",565,"28","10to100",0,1,0,0
"566",566,"9","0to10",1,0,0,0
"567",567,"1","0to10",1,0,0,0
"568",568,"NA","NA",0,0,0,1
"569",569,"515","100+",0,0,1,0
"570",570,"NA","NA",0,0,0,1
"571",571,"3","0to10",1,0,0,0
"572",572,"NA","NA",0,0,0,1
"573",573,"8","0to10",1,0,0,0
"574",574,"NA","NA",0,0,0,1
"575",575,"4","0to10",1,0,0,0
"576",576,"2","0to10",1,0,0,0
"577",577,"3","0to10",1,0,0,0
"578",578,"11","10to100",0,1,0,0
"579",579,"NA","NA",0,0,0,1
"580",580,"30","10to100",0,1,0,0
"581",581,"NA","NA",0,0,0,1
"582",582,"4","0to10",1,0,0,0
"583",583,"NA","NA",0,0,0,1
"584",584,"86","10to100",0,1,0,0
"585",585,"6","0to10",1,0,0,0
"586",586,"3","0to10",1,0,0,0
"587",587,"4","0to10",1,0,0,0
"588",588,"9","0to10",1,0,0,0
"589",589,"1","0to10",1,0,0,0
"590",590,"2","0to10",1,0,0,0
"591",591,"NA","NA",0,0,0,1
"592",592,"3","0to10",1,0,0,0
"593",593,"NA","NA",0,0,0,1
"594",594,"7","0to10",1,0,0,0
"595",595,"NA","NA",0,0,0,1
"596",596,"NA","NA",0,0,0,1
"597",597,"5","0to10",1,0,0,0
"598",598,"2","0to10",1,0,0,0
"599",599,"7","0to10",1,0,0,0
"600",600,"NA","NA",0,0,0,1
"601",601,"1","0to10",1,0,0,0
"602",602,"NA","NA",0,0,0,1
"603",603,"NA","NA",0,0,0,1
"604",604,"NA","NA",0,0,0,1
"605",605,"4","0to10",1,0,0,0
"606",606,"NA","NA",0,0,0,1
"607",607,"2","0to10",1,0,0,0
"608",608,"28","10to100",0,1,0,0
"609",609,"NA","NA",0,0,0,1
"610",610,"1","0to10",1,0,0,0
"611",611,"2","0to10",1,0,0,0
"612",612,"37","10to100",0,1,0,0
"613",613,"3","0to10",1,0,0,0
"614",614,"41","10to100",0,1,0,0
"615",615,"NA","NA",0,0,0,1
"616",616,"17","10to100",0,1,0,0
"617",617,"6","0to10",1,0,0,0
"618",618,"5","0to10",1,0,0,0
"619",619,"73","10to100",0,1,0,0
"620",620,"1","0to10",1,0,0,0
"621",621,"16","10to100",0,1,0,0
"622",622,"2","0to10",1,0,0,0
"623",623,"8","0to10",1,0,0,0
"624",624,"2","0to10",1,0,0,0
"625",625,"NA","NA",0,0,0,1
"626",626,"NA","NA",0,0,0,1
"627",627,"NA","NA",0,0,0,1
"628",628,"1","0to10",1,0,0,0
"629",629,"4","0to10",1,0,0,0
"630",630,"11","10to100",0,1,0,0
"631",631,"NA","NA",0,0,0,1
"632",632,"NA","NA",0,0,0,1
"633",633,"NA","NA",0,0,0,1
"634",634,"1","0to10",1,0,0,0
"635",635,"NA","NA",0,0,0,1
"636",636,"6","0to10",1,0,0,0
"637",637,"8","0to10",1,0,0,0
"638",638,"1","0to10",1,0,0,0
"639",639,"1","0to10",1,0,0,0
"640",640,"30","10to100",0,1,0,0
"641",641,"1","0to10",1,0,0,0
"642",642,"9","0to10",1,0,0,0
"643",643,"NA","NA",0,0,0,1
"644",644,"1","0to10",1,0,0,0
"645",645,"702","100+",0,0,1,0
"646",646,"NA","NA",0,0,0,1
"647",647,"4","0to10",1,0,0,0
"648",648,"6","0to10",1,0,0,0
"649",649,"2","0to10",1,0,0,0
"650",650,"6","0to10",1,0,0,0
"651",651,"3","0to10",1,0,0,0
"652",652,"59","10to100",0,1,0,0
"653",653,"11","10to100",0,1,0,0
"654",654,"0","0to10",1,0,0,0
"655",655,"NA","NA",0,0,0,1
"656",656,"2","0to10",1,0,0,0
"657",657,"NA","NA",0,0,0,1
"658",658,"NA","NA",0,0,0,1
"659",659,"2","0to10",1,0,0,0
"660",660,"NA","NA",0,0,0,1
"661",661,"2","0to10",1,0,0,0
"662",662,"2","0to10",1,0,0,0
"663",663,"18","10to100",0,1,0,0
"664",664,"NA","NA",0,0,0,1
"665",665,"6","0to10",1,0,0,0
"666",666,"11","10to100",0,1,0,0
"667",667,"1","0to10",1,0,0,0
"668",668,"4","0to10",1,0,0,0
"669",669,"5","0to10",1,0,0,0
"670",670,"3","0to10",1,0,0,0
"671",671,"1","0to10",1,0,0,0
"672",672,"1","0to10",1,0,0,0
"673",673,"NA","NA",0,0,0,1
"674",674,"7","0to10",1,0,0,0
"675",675,"8","0to10",1,0,0,0
"676",676,"17","10to100",0,1,0,0
"677",677,"NA","NA",0,0,0,1
"678",678,"NA","NA",0,0,0,1
"679",679,"3","0to10",1,0,0,0
"680",680,"NA","NA",0,0,0,1
"681",681,"0","0to10",1,0,0,0
"682",682,"3","0to10",1,0,0,0
"683",683,"NA","NA",0,0,0,1
"684",684,"NA","NA",0,0,0,1
"685",685,"NA","NA",0,0,0,1
"686",686,"1","0to10",1,0,0,0
"687",687,"6","0to10",1,0,0,0
"688",688,"0","0to10",1,0,0,0
"689",689,"2","0to10",1,0,0,0
"690",690,"10","0to10",1,0,0,0
"691",691,"6","0to10",1,0,0,0
"692",692,"2","0to10",1,0,0,0
"693",693,"NA","NA",0,0,0,1
"694",694,"NA","NA",0,0,0,1
"695",695,"8","0to10",1,0,0,0
"696",696,"1","0to10",1,0,0,0
"697",697,"NA","NA",0,0,0,1
"698",698,"13","10to100",0,1,0,0
"699",699,"NA","NA",0,0,0,1
"700",700,"NA","NA",0,0,0,1
"701",701,"6","0to10",1,0,0,0
"702",702,"1","0to10",1,0,0,0
"703",703,"0","0to10",1,0,0,0
"704",704,"2","0to10",1,0,0,0
"705",705,"7","0to10",1,0,0,0
"706",706,"1","0to10",1,0,0,0
"707",707,"NA","NA",0,0,0,1
"708",708,"1","0to10",1,0,0,0
"709",709,"NA","NA",0,0,0,1
"710",710,"NA","NA",0,0,0,1
"711",711,"NA","NA",0,0,0,1
"712",712,"NA","NA",0,0,0,1
"713",713,"18","10to100",0,1,0,0
"714",714,"6","0to10",1,0,0,0
"715",715,"NA","NA",0,0,0,1
"716",716,"1","0to10",1,0,0,0
"717",717,"1","0to10",1,0,0,0
"718",718,"21","10to100",0,1,0,0
"719",719,"3","0to10",1,0,0,0
"720",720,"NA","NA",0,0,0,1
"721",721,"15","10to100",0,1,0,0
"722",722,"NA","NA",0,0,0,1
"723",723,"NA","NA",0,0,0,1
"724",724,"1","0to10",1,0,0,0
"725",725,"2","0to10",1,0,0,0
"726",726,"3","0to10",1,0,0,0
"727",727,"7","0to10",1,0,0,0
"728",728,"NA","NA",0,0,0,1
"729",729,"NA","NA",0,0,0,1
"730",730,"NA","NA",0,0,0,1
"731",731,"21","10to100",0,1,0,0
"732",732,"NA","NA",0,0,0,1
"733",733,"NA","NA",0,0,0,1
"734",734,"NA","NA",0,0,0,1
"735",735,"46","10to100",0,1,0,0
"736",736,"2","0to10",1,0,0,0
"737",737,"NA","NA",0,0,0,1
"738",738,"7","0to10",1,0,0,0
"739",739,"2","0to10",1,0,0,0
"740",740,"2","0to10",1,0,0,0
"741",741,"NA","NA",0,0,0,1
"742",742,"12","10to100",0,1,0,0
"743",743,"178","100+",0,0,1,0
"744",744,"3","0to10",1,0,0,0
"745",745,"2","0to10",1,0,0,0
"746",746,"1","0to10",1,0,0,0
"747",747,"NA","NA",0,0,0,1
"748",748,"163","100+",0,0,1,0
"749",749,"1","0to10",1,0,0,0
"750",750,"NA","NA",0,0,0,1
"751",751,"NA","NA",0,0,0,1
"752",752,"3","0to10",1,0,0,0
"753",753,"1","0to10",1,0,0,0
"754",754,"7","0to10",1,0,0,0
"755",755,"10","0to10",1,0,0,0
"756",756,"10","0to10",1,0,0,0
"757",757,"0","0to10",1,0,0,0
"758",758,"7","0to10",1,0,0,0
"759",759,"1","0to10",1,0,0,0
"760",760,"NA","NA",0,0,0,1
"761",761,"8","0to10",1,0,0,0
"762",762,"4","0to10",1,0,0,0
"763",763,"NA","NA",0,0,0,1
"764",764,"7","0to10",1,0,0,0
"765",765,"NA","NA",0,0,0,1
"766",766,"1","0to10",1,0,0,0
"767",767,"NA","NA",0,0,0,1
"768",768,"6","0to10",1,0,0,0
"769",769,"NA","NA",0,0,0,1
"770",770,"7","0to10",1,0,0,0
"771",771,"1","0to10",1,0,0,0
"772",772,"NA","NA",0,0,0,1
"773",773,"10","0to10",1,0,0,0
"774",774,"NA","NA",0,0,0,1
"775",775,"5","0to10",1,0,0,0
"776",776,"21","10to100",0,1,0,0
"777",777,"NA","NA",0,0,0,1
"778",778,"14","10to100",0,1,0,0
"779",779,"24","10to100",0,1,0,0
"780",780,"13","10to100",0,1,0,0
"781",781,"1","0to10",1,0,0,0
"782",782,"NA","NA",0,0,0,1
"783",783,"NA","NA",0,0,0,1
"784",784,"1","0to10",1,0,0,0
"785",785,"5","0to10",1,0,0,0
"786",786,"NA","NA",0,0,0,1
"787",787,"2","0to10",1,0,0,0
"788",788,"7","0to10",1,0,0,0
"789",789,"1","0to10",1,0,0,0
"790",790,"2","0to10",1,0,0,0
"791",791,"1","0to10",1,0,0,0
"792",792,"1","0to10",1,0,0,0
"793",793,"NA","NA",0,0,0,1
"794",794,"13","10to100",0,1,0,0
"795",795,"NA","NA",0,0,0,1
"796",796,"1","0to10",1,0,0,0
"797",797,"11","10to100",0,1,0,0
"798",798,"55","10to100",0,1,0,0
"799",799,"1","0to10",1,0,0,0
"800",800,"2","0to10",1,0,0,0
"801",801,"1","0to10",1,0,0,0
"802",802,"NA","NA",0,0,0,1
"803",803,"12","10to100",0,1,0,0
"804",804,"1","0to10",1,0,0,0
"805",805,"NA","NA",0,0,0,1
"806",806,"0","0to10",1,0,0,0
"807",807,"NA","NA",0,0,0,1
"808",808,"NA","NA",0,0,0,1
"809",809,"5","0to10",1,0,0,0
"810",810,"NA","NA",0,0,0,1
"811",811,"NA","NA",0,0,0,1
"812",812,"1","0to10",1,0,0,0
"813",813,"49","10to100",0,1,0,0
"814",814,"0","0to10",1,0,0,0
"815",815,"8","0to10",1,0,0,0
"816",816,"NA","NA",0,0,0,1
"817",817,"2","0to10",1,0,0,0
"818",818,"NA","NA",0,0,0,1
"819",819,"NA","NA",0,0,0,1
"820",820,"NA","NA",0,0,0,1
"821",821,"NA","NA",0,0,0,1
"822",822,"19","10to100",0,1,0,0
"823",823,"NA","NA",0,0,0,1
"824",824,"1","0to10",1,0,0,0
"825",825,"NA","NA",0,0,0,1
"826",826,"3","0to10",1,0,0,0
"827",827,"1","0to10",1,0,0,0
"828",828,"NA","NA",0,0,0,1
"829",829,"NA","NA",0,0,0,1
"830",830,"14","10to100",0,1,0,0
"831",831,"NA","NA",0,0,0,1
"832",832,"NA","NA",0,0,0,1
"833",833,"NA","NA",0,0,0,1
"834",834,"1","0to10",1,0,0,0
"835",835,"6","0to10",1,0,0,0
"836",836,"2","0to10",1,0,0,0
"837",837,"NA","NA",0,0,0,1
"838",838,"5","0to10",1,0,0,0
"839",839,"0","0to10",1,0,0,0
"840",840,"1","0to10",1,0,0,0
"841",841,"4","0to10",1,0,0,0
"842",842,"0","0to10",1,0,0,0
"843",843,"1","0to10",1,0,0,0
"844",844,"30","10to100",0,1,0,0
"845",845,"3","0to10",1,0,0,0
"846",846,"4","0to10",1,0,0,0
"847",847,"NA","NA",0,0,0,1
"848",848,"19","10to100",0,1,0,0
"849",849,"8","0to10",1,0,0,0
"850",850,"0","0to10",1,0,0,0
"851",851,"4","0to10",1,0,0,0
"852",852,"NA","NA",0,0,0,1
"853",853,"17","10to100",0,1,0,0
"854",854,"18","10to100",0,1,0,0
"855",855,"1","0to10",1,0,0,0
"856",856,"13","10to100",0,1,0,0
"857",857,"2","0to10",1,0,0,0
"858",858,"51","10to100",0,1,0,0
"859",859,"2","0to10",1,0,0,0
"860",860,"8","0to10",1,0,0,0
"861",861,"97","10to100",0,1,0,0
"862",862,"NA","NA",0,0,0,1
"863",863,"NA","NA",0,0,0,1
"864",864,"0","0to10",1,0,0,0
"865",865,"1","0to10",1,0,0,0
"866",866,"2","0to10",1,0,0,0
"867",867,"NA","NA",0,0,0,1
"868",868,"9","0to10",1,0,0,0
"869",869,"NA","NA",0,0,0,1
"870",870,"NA","NA",0,0,0,1
"871",871,"NA","NA",0,0,0,1
"872",872,"7","0to10",1,0,0,0
"873",873,"NA","NA",0,0,0,1
"874",874,"59","10to100",0,1,0,0
"875",875,"NA","NA",0,0,0,1
"876",876,"2","0to10",1,0,0,0
"877",877,"1","0to10",1,0,0,0
"878",878,"12","10to100",0,1,0,0
"879",879,"NA","NA",0,0,0,1
"880",880,"1","0to10",1,0,0,0
"881",881,"NA","NA",0,0,0,1
"882",882,"7","0to10",1,0,0,0
"883",883,"NA","NA",0,0,0,1
"884",884,"2","0to10",1,0,0,0
"885",885,"0","0to10",1,0,0,0
"886",886,"3","0to10",1,0,0,0
"887",887,"NA","NA",0,0,0,1
"888",888,"2","0to10",1,0,0,0
"889",889,"2","0to10",1,0,0,0
"890",890,"0","0to10",1,0,0,0
"891",891,"9","0to10",1,0,0,0
"892",892,"NA","NA",0,0,0,1
"893",893,"7","0to10",1,0,0,0
"894",894,"4","0to10",1,0,0,0
"895",895,"NA","NA",0,0,0,1
"896",896,"NA","NA",0,0,0,1
"897",897,"NA","NA",0,0,0,1
"898",898,"3","0to10",1,0,0,0
"899",899,"9","0to10",1,0,0,0
"900",900,"NA","NA",0,0,0,1
"901",901,"NA","NA",0,0,0,1
"902",902,"3","0to10",1,0,0,0
"903",903,"NA","NA",0,0,0,1
"904",904,"2","0to10",1,0,0,0
"905",905,"1","0to10",1,0,0,0
"906",906,"4","0to10",1,0,0,0
"907",907,"5","0to10",1,0,0,0
"908",908,"NA","NA",0,0,0,1
"909",909,"3","0to10",1,0,0,0
"910",910,"NA","NA",0,0,0,1
"911",911,"NA","NA",0,0,0,1
"912",912,"1","0to10",1,0,0,0
"913",913,"NA","NA",0,0,0,1
"914",914,"4","0to10",1,0,0,0
"915",915,"4","0to10",1,0,0,0
"916",916,"NA","NA",0,0,0,1
"917",917,"NA","NA",0,0,0,1
"918",918,"1","0to10",1,0,0,0
"919",919,"1","0to10",1,0,0,0
"920",920,"2","0to10",1,0,0,0
"921",921,"10","0to10",1,0,0,0
"922",922,"NA","NA",0,0,0,1
"923",923,"NA","NA",0,0,0,1
"924",924,"144","100+",0,0,1,0
"925",925,"14","10to100",0,1,0,0
"926",926,"2","0to10",1,0,0,0
"927",927,"1","0to10",1,0,0,0
"928",928,"1","0to10",1,0,0,0
"929",929,"4","0to10",1,0,0,0
"930",930,"4","0to10",1,0,0,0
"931",931,"2","0to10",1,0,0,0
"932",932,"23","10to100",0,1,0,0
"933",933,"NA","NA",0,0,0,1
"934",934,"3","0to10",1,0,0,0
"935",935,"11","10to100",0,1,0,0
"936",936,"NA","NA",0,0,0,1
"937",937,"3","0to10",1,0,0,0
"938",938,"NA","NA",0,0,0,1
"939",939,"1","0to10",1,0,0,0
"940",940,"NA","NA",0,0,0,1
"941",941,"4","0to10",1,0,0,0
"942",942,"NA","NA",0,0,0,1
"943",943,"1","0to10",1,0,0,0
"944",944,"11","10to100",0,1,0,0
"945",945,"1","0to10",1,0,0,0
"946",946,"15","10to100",0,1,0,0
"947",947,"1","0to10",1,0,0,0
"948",948,"NA","NA",0,0,0,1
"949",949,"NA","NA",0,0,0,1
"950",950,"2","0to10",1,0,0,0
"951",951,"2","0to10",1,0,0,0
"952",952,"13","10to100",0,1,0,0
"953",953,"NA","NA",0,0,0,1
"954",954,"1","0to10",1,0,0,0
"955",955,"89","10to100",0,1,0,0
"956",956,"5","0to10",1,0,0,0
"957",957,"3","0to10",1,0,0,0
"958",958,"NA","NA",0,0,0,1
"959",959,"2","0to10",1,0,0,0
"960",960,"10","0to10",1,0,0,0
"961",961,"8","0to10",1,0,0,0
"962",962,"7","0to10",1,0,0,0
"963",963,"3","0to10",1,0,0,0
"964",964,"7","0to10",1,0,0,0
"965",965,"7","0to10",1,0,0,0
"966",966,"11","10to100",0,1,0,0
"967",967,"0","0to10",1,0,0,0
"968",968,"NA","NA",0,0,0,1
"969",969,"NA","NA",0,0,0,1
"970",970,"5","0to10",1,0,0,0
"971",971,"NA","NA",0,0,0,1
"972",972,"3","0to10",1,0,0,0
"973",973,"13","10to100",0,1,0,0
"974",974,"NA","NA",0,0,0,1
"975",975,"NA","NA",0,0,0,1
"976",976,"NA","NA",0,0,0,1
"977",977,"6","0to10",1,0,0,0
"978",978,"NA","NA",0,0,0,1
"979",979,"NA","NA",0,0,0,1
"980",980,"4","0to10",1,0,0,0
"981",981,"NA","NA",0,0,0,1
"982",982,"363","100+",0,0,1,0
"983",983,"1","0to10",1,0,0,0
"984",984,"NA","NA",0,0,0,1
"985",985,"2","0to10",1,0,0,0
"986",986,"1","0to10",1,0,0,0
"987",987,"NA","NA",0,0,0,1
"988",988,"4","0to10",1,0,0,0
"989",989,"NA","NA",0,0,0,1
"990",990,"3","0to10",1,0,0,0
"991",991,"4","0to10",1,0,0,0
"992",992,"6","0to10",1,0,0,0
"993",993,"6","0to10",1,0,0,0
"994",994,"NA","NA",0,0,0,1
"995",995,"1","0to10",1,0,0,0
"996",996,"1","0to10",1,0,0,0
"997",997,"9","0to10",1,0,0,0
"998",998,"4","0to10",1,0,0,0
"999",999,"4","0to10",1,0,0,0
"1000",1000,"NA","NA",0,0,0,1
"1001",1001,"11","10to100",0,1,0,0
"1002",1002,"6","0to10",1,0,0,0
"1003",1003,"3","0to10",1,0,0,0
"1004",1004,"16","10to100",0,1,0,0
"1005",1005,"NA","NA",0,0,0,1
"1006",1006,"1","0to10",1,0,0,0
"1007",1007,"2","0to10",1,0,0,0
"1008",1008,"NA","NA",0,0,0,1
"1009",1009,"20","10to100",0,1,0,0
"1010",1010,"5","0to10",1,0,0,0
"1011",1011,"32","10to100",0,1,0,0
"1012",1012,"NA","NA",0,0,0,1
"1013",1013,"1","0to10",1,0,0,0
"1014",1014,"NA","NA",0,0,0,1
"1015",1015,"4","0to10",1,0,0,0
"1016",1016,"0","0to10",1,0,0,0
"1017",1017,"1","0to10",1,0,0,0
"1018",1018,"3","0to10",1,0,0,0
"1019",1019,"5","0to10",1,0,0,0
"1020",1020,"9","0to10",1,0,0,0
"1021",1021,"3","0to10",1,0,0,0
"1022",1022,"NA","NA",0,0,0,1
"1023",1023,"1","0to10",1,0,0,0
"1024",1024,"2","0to10",1,0,0,0
"1025",1025,"NA","NA",0,0,0,1
"1026",1026,"NA","NA",0,0,0,1
"1027",1027,"NA","NA",0,0,0,1
"1028",1028,"NA","NA",0,0,0,1
"1029",1029,"5","0to10",1,0,0,0
"1030",1030,"NA","NA",0,0,0,1
"1031",1031,"1","0to10",1,0,0,0
"1032",1032,"NA","NA",0,0,0,1
"1033",1033,"2","0to10",1,0,0,0
"1034",1034,"2","0to10",1,0,0,0
"1035",1035,"NA","NA",0,0,0,1
"1036",1036,"NA","NA",0,0,0,1
"1037",1037,"NA","NA",0,0,0,1
"1038",1038,"NA","NA",0,0,0,1
"1039",1039,"NA","NA",0,0,0,1
"1040",1040,"1","0to10",1,0,0,0
"1041",1041,"NA","NA",0,0,0,1
"1042",1042,"NA","NA",0,0,0,1
"1043",1043,"NA","NA",0,0,0,1
"1044",1044,"22","10to100",0,1,0,0
"1045",1045,"NA","NA",0,0,0,1
"1046",1046,"NA","NA",0,0,0,1
"1047",1047,"NA","NA",0,0,0,1
"1048",1048,"1","0to10",1,0,0,0
"1049",1049,"4","0to10",1,0,0,0
"1050",1050,"NA","NA",0,0,0,1
"1051",1051,"7","0to10",1,0,0,0
"1052",1052,"1","0to10",1,0,0,0
"1053",1053,"NA","NA",0,0,0,1
"1054",1054,"4","0to10",1,0,0,0
"1055",1055,"4","0to10",1,0,0,0
"1056",1056,"NA","NA",0,0,0,1
"1057",1057,"9","0to10",1,0,0,0
"1058",1058,"5","0to10",1,0,0,0
"1059",1059,"1","0to10",1,0,0,0
"1060",1060,"4","0to10",1,0,0,0
"1061",1061,"NA","NA",0,0,0,1
"1062",1062,"NA","NA",0,0,0,1
"1063",1063,"14","10to100",0,1,0,0
"1064",1064,"8","0to10",1,0,0,0
"1065",1065,"5","0to10",1,0,0,0
"1066",1066,"3","0to10",1,0,0,0
"1067",1067,"NA","NA",0,0,0,1
"1068",1068,"2","0to10",1,0,0,0
"1069",1069,"3","0to10",1,0,0,0
"1070",1070,"NA","NA",0,0,0,1
"1071",1071,"NA","NA",0,0,0,1
"1072",1072,"4","0to10",1,0,0,0
"1073",1073,"4","0to10",1,0,0,0
"1074",1074,"1","0to10",1,0,0,0
"1075",1075,"1","0to10",1,0,0,0
"1076",1076,"NA","NA",0,0,0,1
"1077",1077,"NA","NA",0,0,0,1
"1078",1078,"1","0to10",1,0,0,0
"1079",1079,"NA","NA",0,0,0,1
"1080",1080,"1","0to10",1,0,0,0
"1081",1081,"355","100+",0,0,1,0
"1082",1082,"58","10to100",0,1,0,0
"1083",1083,"4","0to10",1,0,0,0
"1084",1084,"4","0to10",1,0,0,0
"1085",1085,"NA","NA",0,0,0,1
"1086",1086,"2","0to10",1,0,0,0
"1087",1087,"0","0to10",1,0,0,0
"1088",1088,"59","10to100",0,1,0,0
"1089",1089,"NA","NA",0,0,0,1
"1090",1090,"0","0to10",1,0,0,0
"1091",1091,"10","0to10",1,0,0,0
"1092",1092,"6","0to10",1,0,0,0
"1093",1093,"1","0to10",1,0,0,0
"1094",1094,"NA","NA",0,0,0,1
"1095",1095,"NA","NA",0,0,0,1
"1096",1096,"7","0to10",1,0,0,0
"1097",1097,"2","0to10",1,0,0,0
"1098",1098,"5","0to10",1,0,0,0
"1099",1099,"3","0to10",1,0,0,0
"1100",1100,"NA","NA",0,0,0,1
"1101",1101,"NA","NA",0,0,0,1
"1102",1102,"3","0to10",1,0,0,0
"1103",1103,"NA","NA",0,0,0,1
"1104",1104,"NA","NA",0,0,0,1
"1105",1105,"3","0to10",1,0,0,0
"1106",1106,"15","10to100",0,1,0,0
"1107",1107,"NA","NA",0,0,0,1
"1108",1108,"NA","NA",0,0,0,1
"1109",1109,"NA","NA",0,0,0,1
"1110",1110,"13","10to100",0,1,0,0
"1111",1111,"4","0to10",1,0,0,0
"1112",1112,"2","0to10",1,0,0,0
"1113",1113,"NA","NA",0,0,0,1
"1114",1114,"3","0to10",1,0,0,0
"1115",1115,"NA","NA",0,0,0,1
"1116",1116,"NA","NA",0,0,0,1
"1117",1117,"NA","NA",0,0,0,1
"1118",1118,"NA","NA",0,0,0,1
"1119",1119,"NA","NA",0,0,0,1
"1120",1120,"8","0to10",1,0,0,0
"1121",1121,"1","0to10",1,0,0,0
"1122",1122,"NA","NA",0,0,0,1
"1123",1123,"NA","NA",0,0,0,1
"1124",1124,"12","10to100",0,1,0,0
"1125",1125,"NA","NA",0,0,0,1
"1126",1126,"8","0to10",1,0,0,0
"1127",1127,"NA","NA",0,0,0,1
"1128",1128,"0","0to10",1,0,0,0
"1129",1129,"NA","NA",0,0,0,1
"1130",1130,"3","0to10",1,0,0,0
"1131",1131,"NA","NA",0,0,0,1
"1132",1132,"5","0to10",1,0,0,0
"1133",1133,"0","0to10",1,0,0,0
"1134",1134,"NA","NA",0,0,0,1
"1135",1135,"NA","NA",0,0,0,1
"1136",1136,"6","0to10",1,0,0,0
"1137",1137,"0","0to10",1,0,0,0
"1138",1138,"8","0to10",1,0,0,0
"1139",1139,"NA","NA",0,0,0,1
"1140",1140,"1","0to10",1,0,0,0
"1141",1141,"2","0to10",1,0,0,0
"1142",1142,"4","0to10",1,0,0,0
"1143",1143,"NA","NA",0,0,0,1
"1144",1144,"2","0to10",1,0,0,0
"1145",1145,"NA","NA",0,0,0,1
"1146",1146,"0","0to10",1,0,0,0
"1147",1147,"NA","NA",0,0,0,1
"1148",1148,"NA","NA",0,0,0,1
"1149",1149,"2","0to10",1,0,0,0
"1150",1150,"NA","NA",0,0,0,1
"1151",1151,"NA","NA",0,0,0,1
"1152",1152,"1","0to10",1,0,0,0
"1153",1153,"0","0to10",1,0,0,0
"1154",1154,"1","0to10",1,0,0,0
"1155",1155,"1","0to10",1,0,0,0
"1156",1156,"NA","NA",0,0,0,1
"1157",1157,"1","0to10",1,0,0,0
"1158",1158,"NA","NA",0,0,0,1
"1159",1159,"2","0to10",1,0,0,0
"1160",1160,"1","0to10",1,0,0,0
"1161",1161,"NA","NA",0,0,0,1
"1162",1162,"NA","NA",0,0,0,1
"1163",1163,"2","0to10",1,0,0,0
"1164",1164,"0","0to10",1,0,0,0
"1165",1165,"39","10to100",0,1,0,0
"1166",1166,"NA","NA",0,0,0,1
"1167",1167,"4","0to10",1,0,0,0
"1168",1168,"NA","NA",0,0,0,1
"1169",1169,"NA","NA",0,0,0,1
"1170",1170,"6","0to10",1,0,0,0
"1171",1171,"NA","NA",0,0,0,1
"1172",1172,"4","0to10",1,0,0,0
"1173",1173,"3","0to10",1,0,0,0
"1174",1174,"4","0to10",1,0,0,0
"1175",1175,"1","0to10",1,0,0,0
"1176",1176,"NA","NA",0,0,0,1
"1177",1177,"NA","NA",0,0,0,1
"1178",1178,"0","0to10",1,0,0,0
"1179",1179,"2","0to10",1,0,0,0
"1180",1180,"NA","NA",0,0,0,1
"1181",1181,"1","0to10",1,0,0,0
"1182",1182,"NA","NA",0,0,0,1
"1183",1183,"1","0to10",1,0,0,0
"1184",1184,"17","10to100",0,1,0,0
"1185",1185,"19","10to100",0,1,0,0
"1186",1186,"1","0to10",1,0,0,0
"1187",1187,"2","0to10",1,0,0,0
"1188",1188,"NA","NA",0,0,0,1
"1189",1189,"8","0to10",1,0,0,0
"1190",1190,"NA","NA",0,0,0,1
"1191",1191,"0","0to10",1,0,0,0
"1192",1192,"NA","NA",0,0,0,1
"1193",1193,"NA","NA",0,0,0,1
"1194",1194,"2","0to10",1,0,0,0
"1195",1195,"8","0to10",1,0,0,0
"1196",1196,"3","0to10",1,0,0,0
"1197",1197,"3","0to10",1,0,0,0
"1198",1198,"2","0to10",1,0,0,0
"1199",1199,"4","0to10",1,0,0,0
"1200",1200,"NA","NA",0,0,0,1
"1201",1201,"NA","NA",0,0,0,1
"1202",1202,"NA","NA",0,0,0,1
"1203",1203,"NA","NA",0,0,0,1
"1204",1204,"37","10to100",0,1,0,0
"1205",1205,"3","0to10",1,0,0,0
"1206",1206,"NA","NA",0,0,0,1
"1207",1207,"NA","NA",0,0,0,1
"1208",1208,"0","0to10",1,0,0,0
"1209",1209,"2","0to10",1,0,0,0
"1210",1210,"22","10to100",0,1,0,0
"1211",1211,"NA","NA",0,0,0,1
"1212",1212,"NA","NA",0,0,0,1
"1213",1213,"2","0to10",1,0,0,0
"1214",1214,"NA","NA",0,0,0,1
"1215",1215,"4","0to10",1,0,0,0
"1216",1216,"NA","NA",0,0,0,1
"1217",1217,"NA","NA",0,0,0,1
"1218",1218,"4","0to10",1,0,0,0
"1219",1219,"NA","NA",0,0,0,1
"1220",1220,"1","0to10",1,0,0,0
"1221",1221,"NA","NA",0,0,0,1
"1222",1222,"12","10to100",0,1,0,0
"1223",1223,"NA","NA",0,0,0,1
"1224",1224,"6","0to10",1,0,0,0
"1225",1225,"NA","NA",0,0,0,1
"1226",1226,"1","0to10",1,0,0,0
"1227",1227,"NA","NA",0,0,0,1
"1228",1228,"NA","NA",0,0,0,1
"1229",1229,"1","0to10",1,0,0,0
"1230",1230,"NA","NA",0,0,0,1
"1231",1231,"NA","NA",0,0,0,1
"1232",1232,"1","0to10",1,0,0,0
"1233",1233,"1","0to10",1,0,0,0
"1234",1234,"3","0to10",1,0,0,0
"1235",1235,"2","0to10",1,0,0,0
"1236",1236,"NA","NA",0,0,0,1
"1237",1237,"NA","NA",0,0,0,1
"1238",1238,"NA","NA",0,0,0,1
"1239",1239,"14","10to100",0,1,0,0
"1240",1240,"1","0to10",1,0,0,0
"1241",1241,"NA","NA",0,0,0,1
"1242",1242,"1","0to10",1,0,0,0
"1243",1243,"9","0to10",1,0,0,0
"1244",1244,"6","0to10",1,0,0,0
"1245",1245,"NA","NA",0,0,0,1
"1246",1246,"NA","NA",0,0,0,1
"1247",1247,"4","0to10",1,0,0,0
"1248",1248,"NA","NA",0,0,0,1
"1249",1249,"NA","NA",0,0,0,1
"1250",1250,"2","0to10",1,0,0,0
"1251",1251,"1","0to10",1,0,0,0
"1252",1252,"NA","NA",0,0,0,1
"1253",1253,"NA","NA",0,0,0,1
"1254",1254,"5","0to10",1,0,0,0
"1255",1255,"NA","NA",0,0,0,1
"1256",1256,"NA","NA",0,0,0,1
"1257",1257,"11","10to100",0,1,0,0
"1258",1258,"NA","NA",0,0,0,1
"1259",1259,"NA","NA",0,0,0,1
"1260",1260,"NA","NA",0,0,0,1
"1261",1261,"NA","NA",0,0,0,1
"1262",1262,"5","0to10",1,0,0,0
"1263",1263,"7","0to10",1,0,0,0
"1264",1264,"1","0to10",1,0,0,0
"1265",1265,"NA","NA",0,0,0,1
"1266",1266,"4","0to10",1,0,0,0
"1267",1267,"1","0to10",1,0,0,0
"1268",1268,"0","0to10",1,0,0,0
"1269",1269,"5","0to10",1,0,0,0
"1270",1270,"24","10to100",0,1,0,0
"1271",1271,"NA","NA",0,0,0,1
"1272",1272,"3","0to10",1,0,0,0
"1273",1273,"2","0to10",1,0,0,0
"1274",1274,"1","0to10",1,0,0,0
"1275",1275,"2","0to10",1,0,0,0
"1276",1276,"6","0to10",1,0,0,0
"1277",1277,"NA","NA",0,0,0,1
"1278",1278,"2","0to10",1,0,0,0
"1279",1279,"1","0to10",1,0,0,0
"1280",1280,"18","10to100",0,1,0,0
"1281",1281,"NA","NA",0,0,0,1
"1282",1282,"2","0to10",1,0,0,0
"1283",1283,"8","0to10",1,0,0,0
"1284",1284,"1","0to10",1,0,0,0
"1285",1285,"3","0to10",1,0,0,0
"1286",1286,"NA","NA",0,0,0,1
"1287",1287,"22","10to100",0,1,0,0
"1288",1288,"1","0to10",1,0,0,0
"1289",1289,"NA","NA",0,0,0,1
"1290",1290,"1","0to10",1,0,0,0
"1291",1291,"NA","NA",0,0,0,1
"1292",1292,"NA","NA",0,0,0,1
"1293",1293,"NA","NA",0,0,0,1
"1294",1294,"NA","NA",0,0,0,1
"1295",1295,"5","0to10",1,0,0,0
"1296",1296,"NA","NA",0,0,0,1
"1297",1297,"NA","NA",0,0,0,1
"1298",1298,"9","0to10",1,0,0,0
"1299",1299,"NA","NA",0,0,0,1
"1300",1300,"1","0to10",1,0,0,0
"1301",1301,"1","0to10",1,0,0,0
"1302",1302,"1","0to10",1,0,0,0
"1303",1303,"3","0to10",1,0,0,0
"1304",1304,"8","0to10",1,0,0,0
"1305",1305,"NA","NA",0,0,0,1
"1306",1306,"NA","NA",0,0,0,1
"1307",1307,"3","0to10",1,0,0,0
"1308",1308,"1","0to10",1,0,0,0
"1309",1309,"NA","NA",0,0,0,1
"1310",1310,"1","0to10",1,0,0,0
"1311",1311,"5","0to10",1,0,0,0
"1312",1312,"2","0to10",1,0,0,0
"1313",1313,"35","10to100",0,1,0,0
"1314",1314,"NA","NA",0,0,0,1
"1315",1315,"NA","NA",0,0,0,1
"1316",1316,"NA","NA",0,0,0,1
"1317",1317,"5","0to10",1,0,0,0
"1318",1318,"NA","NA",0,0,0,1
"1319",1319,"NA","NA",0,0,0,1
"1320",1320,"0","0to10",1,0,0,0
"1321",1321,"NA","NA",0,0,0,1
"1322",1322,"9","0to10",1,0,0,0
"1323",1323,"NA","NA",0,0,0,1
"1324",1324,"NA","NA",0,0,0,1
"1325",1325,"NA","NA",0,0,0,1
"1326",1326,"1","0to10",1,0,0,0
"1327",1327,"4","0to10",1,0,0,0
"1328",1328,"14","10to100",0,1,0,0
"1329",1329,"2","0to10",1,0,0,0
"1330",1330,"NA","NA",0,0,0,1
"1331",1331,"NA","NA",0,0,0,1
"1332",1332,"NA","NA",0,0,0,1
"1333",1333,"NA","NA",0,0,0,1
"1334",1334,"3","0to10",1,0,0,0
"1335",1335,"NA","NA",0,0,0,1
"1336",1336,"NA","NA",0,0,0,1
"1337",1337,"1","0to10",1,0,0,0
"1338",1338,"NA","NA",0,0,0,1
"1339",1339,"0","0to10",1,0,0,0
"1340",1340,"2","0to10",1,0,0,0
"1341",1341,"NA","NA",0,0,0,1
"1342",1342,"NA","NA",0,0,0,1
"1343",1343,"NA","NA",0,0,0,1
"1344",1344,"NA","NA",0,0,0,1
"1345",1345,"NA","NA",0,0,0,1
"1346",1346,"NA","NA",0,0,0,1
"1347",1347,"NA","NA",0,0,0,1
"1348",1348,"NA","NA",0,0,0,1
"1349",1349,"NA","NA",0,0,0,1
"1350",1350,"5","0to10",1,0,0,0
"1351",1351,"NA","NA",0,0,0,1
"1352",1352,"NA","NA",0,0,0,1
"1353",1353,"1","0to10",1,0,0,0
"1354",1354,"1","0to10",1,0,0,0
"1355",1355,"4","0to10",1,0,0,0
"1356",1356,"NA","NA",0,0,0,1
"1357",1357,"3","0to10",1,0,0,0
"1358",1358,"2","0to10",1,0,0,0
"1359",1359,"NA","NA",0,0,0,1
"1360",1360,"NA","NA",0,0,0,1
"1361",1361,"0","0to10",1,0,0,0
"1362",1362,"NA","NA",0,0,0,1
"1363",1363,"1","0to10",1,0,0,0
"1364",1364,"NA","NA",0,0,0,1
"1365",1365,"3","0to10",1,0,0,0
"1366",1366,"NA","NA",0,0,0,1
"1367",1367,"NA","NA",0,0,0,1
"1368",1368,"3","0to10",1,0,0,0
"1369",1369,"NA","NA",0,0,0,1
"1370",1370,"NA","NA",0,0,0,1
"1371",1371,"1","0to10",1,0,0,0
"1372",1372,"NA","NA",0,0,0,1
"1373",1373,"7","0to10",1,0,0,0
"1374",1374,"1","0to10",1,0,0,0
"1375",1375,"5","0to10",1,0,0,0
"1376",1376,"NA","NA",0,0,0,1
"1377",1377,"5","0to10",1,0,0,0
"1378",1378,"NA","NA",0,0,0,1
"1379",1379,"6","0to10",1,0,0,0
"1380",1380,"NA","NA",0,0,0,1
"1381",1381,"1","0to10",1,0,0,0
"1382",1382,"NA","NA",0,0,0,1
"1383",1383,"4","0to10",1,0,0,0
"1384",1384,"2","0to10",1,0,0,0
"1385",1385,"NA","NA",0,0,0,1
"1386",1386,"NA","NA",0,0,0,1
"1387",1387,"2","0to10",1,0,0,0
"1388",1388,"NA","NA",0,0,0,1
"1389",1389,"NA","NA",0,0,0,1
"1390",1390,"NA","NA",0,0,0,1
"1391",1391,"4","0to10",1,0,0,0
"1392",1392,"1","0to10",1,0,0,0
"1393",1393,"4","0to10",1,0,0,0
"1394",1394,"4","0to10",1,0,0,0
"1395",1395,"1","0to10",1,0,0,0
"1396",1396,"0","0to10",1,0,0,0
"1397",1397,"45","10to100",0,1,0,0
"1398",1398,"NA","NA",0,0,0,1
"1399",1399,"NA","NA",0,0,0,1
"1400",1400,"1","0to10",1,0,0,0
"1401",1401,"3","0to10",1,0,0,0
"1402",1402,"NA","NA",0,0,0,1
"1403",1403,"NA","NA",0,0,0,1
"1404",1404,"4","0to10",1,0,0,0
"1405",1405,"4","0to10",1,0,0,0
"1406",1406,"NA","NA",0,0,0,1
"1407",1407,"NA","NA",0,0,0,1
"1408",1408,"1","0to10",1,0,0,0
"1409",1409,"NA","NA",0,0,0,1
"1410",1410,"1","0to10",1,0,0,0
"1411",1411,"1","0to10",1,0,0,0
"1412",1412,"0","0to10",1,0,0,0
"1413",1413,"NA","NA",0,0,0,1
"1414",1414,"1","0to10",1,0,0,0
"1415",1415,"8","0to10",1,0,0,0
"1416",1416,"19","10to100",0,1,0,0
"1417",1417,"NA","NA",0,0,0,1
"1418",1418,"536","100+",0,0,1,0
"1419",1419,"1","0to10",1,0,0,0
"1420",1420,"NA","NA",0,0,0,1
"1421",1421,"NA","NA",0,0,0,1
"1422",1422,"NA","NA",0,0,0,1
"1423",1423,"NA","NA",0,0,0,1
"1424",1424,"2","0to10",1,0,0,0
"1425",1425,"1","0to10",1,0,0,0
"1426",1426,"NA","NA",0,0,0,1
"1427",1427,"NA","NA",0,0,0,1
"1428",1428,"1","0to10",1,0,0,0
"1429",1429,"NA","NA",0,0,0,1
"1430",1430,"NA","NA",0,0,0,1
"1431",1431,"1","0to10",1,0,0,0
"1432",1432,"NA","NA",0,0,0,1
"1433",1433,"0","0to10",1,0,0,0
"1434",1434,"NA","NA",0,0,0,1
"1435",1435,"NA","NA",0,0,0,1
"1436",1436,"NA","NA",0,0,0,1
"1437",1437,"NA","NA",0,0,0,1
"1438",1438,"NA","NA",0,0,0,1
"1439",1439,"72","10to100",0,1,0,0
"1440",1440,"NA","NA",0,0,0,1
"1441",1441,"NA","NA",0,0,0,1
"1442",1442,"1","0to10",1,0,0,0
"1443",1443,"1","0to10",1,0,0,0
"1444",1444,"2","0to10",1,0,0,0
"1445",1445,"2","0to10",1,0,0,0
"1446",1446,"NA","NA",0,0,0,1
"1447",1447,"4","0to10",1,0,0,0
"1448",1448,"2","0to10",1,0,0,0
"1449",1449,"NA","NA",0,0,0,1
"1450",1450,"5","0to10",1,0,0,0
"1451",1451,"NA","NA",0,0,0,1
"1452",1452,"3","0to10",1,0,0,0
"1453",1453,"62","10to100",0,1,0,0
"1454",1454,"NA","NA",0,0,0,1
"1455",1455,"10","0to10",1,0,0,0
"1456",1456,"1","0to10",1,0,0,0
"1457",1457,"NA","NA",0,0,0,1
"1458",1458,"1","0to10",1,0,0,0
"1459",1459,"0","0to10",1,0,0,0
"1460",1460,"0","0to10",1,0,0,0
"1461",1461,"4","0to10",1,0,0,0
"1462",1462,"1","0to10",1,0,0,0
"1463",1463,"21","10to100",0,1,0,0
"1464",1464,"1","0to10",1,0,0,0
"1465",1465,"NA","NA",0,0,0,1
"1466",1466,"NA","NA",0,0,0,1
"1467",1467,"4","0to10",1,0,0,0
"1468",1468,"1","0to10",1,0,0,0
"1469",1469,"NA","NA",0,0,0,1
"1470",1470,"1","0to10",1,0,0,0
"1471",1471,"NA","NA",0,0,0,1
"1472",1472,"NA","NA",0,0,0,1
"1473",1473,"NA","NA",0,0,0,1
"1474",1474,"8","0to10",1,0,0,0
"1475",1475,"NA","NA",0,0,0,1
"1476",1476,"2","0to10",1,0,0,0
"1477",1477,"2","0to10",1,0,0,0
"1478",1478,"NA","NA",0,0,0,1
"1479",1479,"NA","NA",0,0,0,1
"1480",1480,"29","10to100",0,1,0,0
"1481",1481,"NA","NA",0,0,0,1
"1482",1482,"NA","NA",0,0,0,1
"1483",1483,"NA","NA",0,0,0,1
"1484",1484,"NA","NA",0,0,0,1
"1485",1485,"13","10to100",0,1,0,0
"1486",1486,"2","0to10",1,0,0,0
"1487",1487,"3","0to10",1,0,0,0
"1488",1488,"NA","NA",0,0,0,1
"1489",1489,"1","0to10",1,0,0,0
"1490",1490,"NA","NA",0,0,0,1
"1491",1491,"NA","NA",0,0,0,1
"1492",1492,"4","0to10",1,0,0,0
"1493",1493,"NA","NA",0,0,0,1
"1494",1494,"NA","NA",0,0,0,1
"1495",1495,"NA","NA",0,0,0,1
"1496",1496,"2","0to10",1,0,0,0
"1497",1497,"3","0to10",1,0,0,0
"1498",1498,"NA","NA",0,0,0,1
"1499",1499,"NA","NA",0,0,0,1
"1500",1500,"NA","NA",0,0,0,1
"1501",1501,"1","0to10",1,0,0,0
"1502",1502,"0","0to10",1,0,0,0
"1503",1503,"0","0to10",1,0,0,0
"1504",1504,"1","0to10",1,0,0,0
"1505",1505,"1","0to10",1,0,0,0
"1506",1506,"NA","NA",0,0,0,1
"1507",1507,"5","0to10",1,0,0,0
"1508",1508,"NA","NA",0,0,0,1
"1509",1509,"NA","NA",0,0,0,1
"1510",1510,"NA","NA",0,0,0,1
"1511",1511,"3","0to10",1,0,0,0
"1512",1512,"NA","NA",0,0,0,1
"1513",1513,"NA","NA",0,0,0,1
"1514",1514,"12","10to100",0,1,0,0
"1515",1515,"NA","NA",0,0,0,1
"1516",1516,"NA","NA",0,0,0,1
"1517",1517,"1","0to10",1,0,0,0
"1518",1518,"5","0to10",1,0,0,0
"1519",1519,"1","0to10",1,0,0,0
"1520",1520,"5","0to10",1,0,0,0
"1521",1521,"NA","NA",0,0,0,1
"1522",1522,"NA","NA",0,0,0,1
"1523",1523,"NA","NA",0,0,0,1
"1524",1524,"NA","NA",0,0,0,1
"1525",1525,"NA","NA",0,0,0,1
"1526",1526,"1","0to10",1,0,0,0
"1527",1527,"14","10to100",0,1,0,0
"1528",1528,"0","0to10",1,0,0,0
"1529",1529,"0","0to10",1,0,0,0
"1530",1530,"NA","NA",0,0,0,1
"1531",1531,"460","100+",0,0,1,0
"1532",1532,"NA","NA",0,0,0,1
"1533",1533,"NA","NA",0,0,0,1
"1534",1534,"NA","NA",0,0,0,1
"1535",1535,"3","0to10",1,0,0,0
"1536",1536,"NA","NA",0,0,0,1
"1537",1537,"NA","NA",0,0,0,1
"1538",1538,"2","0to10",1,0,0,0
"1539",1539,"NA","NA",0,0,0,1
"1540",1540,"5","0to10",1,0,0,0
"1541",1541,"0","0to10",1,0,0,0
"1542",1542,"2","0to10",1,0,0,0
"1543",1543,"NA","NA",0,0,0,1
"1544",1544,"0","0to10",1,0,0,0
"1545",1545,"9","0to10",1,0,0,0
"1546",1546,"NA","NA",0,0,0,1
"1547",1547,"10","0to10",1,0,0,0
"1548",1548,"NA","NA",0,0,0,1
"1549",1549,"2","0to10",1,0,0,0
"1550",1550,"NA","NA",0,0,0,1
"1551",1551,"NA","NA",0,0,0,1
"1552",1552,"1","0to10",1,0,0,0
"1553",1553,"NA","NA",0,0,0,1
"1554",1554,"1","0to10",1,0,0,0
"1555",1555,"NA","NA",0,0,0,1
"1556",1556,"1","0to10",1,0,0,0
"1557",1557,"11","10to100",0,1,0,0
"1558",1558,"1","0to10",1,0,0,0
"1559",1559,"3","0to10",1,0,0,0
"1560",1560,"2","0to10",1,0,0,0
"1561",1561,"NA","NA",0,0,0,1
"1562",1562,"NA","NA",0,0,0,1
"1563",1563,"1","0to10",1,0,0,0
"1564",1564,"3","0to10",1,0,0,0
"1565",1565,"0","0to10",1,0,0,0
"1566",1566,"NA","NA",0,0,0,1
"1567",1567,"NA","NA",0,0,0,1
"1568",1568,"2","0to10",1,0,0,0
"1569",1569,"1","0to10",1,0,0,0
"1570",1570,"NA","NA",0,0,0,1
"1571",1571,"NA","NA",0,0,0,1
"1572",1572,"NA","NA",0,0,0,1
"1573",1573,"3","0to10",1,0,0,0
"1574",1574,"1","0to10",1,0,0,0
"1575",1575,"0","0to10",1,0,0,0
"1576",1576,"10","0to10",1,0,0,0
"1577",1577,"1","0to10",1,0,0,0
"1578",1578,"7","0to10",1,0,0,0
"1579",1579,"NA","NA",0,0,0,1
"1580",1580,"NA","NA",0,0,0,1
"1581",1581,"NA","NA",0,0,0,1
"1582",1582,"5","0to10",1,0,0,0
"1583",1583,"NA","NA",0,0,0,1
"1584",1584,"2","0to10",1,0,0,0
"1585",1585,"NA","NA",0,0,0,1
"1586",1586,"NA","NA",0,0,0,1
"1587",1587,"NA","NA",0,0,0,1
"1588",1588,"NA","NA",0,0,0,1
"1589",1589,"NA","NA",0,0,0,1
"1590",1590,"2","0to10",1,0,0,0
"1591",1591,"NA","NA",0,0,0,1
"1592",1592,"16","10to100",0,1,0,0
"1593",1593,"14","10to100",0,1,0,0
"1594",1594,"12","10to100",0,1,0,0
"1595",1595,"2","0to10",1,0,0,0
"1596",1596,"2","0to10",1,0,0,0
"1597",1597,"2","0to10",1,0,0,0
"1598",1598,"NA","NA",0,0,0,1
"1599",1599,"12","10to100",0,1,0,0
"1600",1600,"5","0to10",1,0,0,0
"1601",1601,"1","0to10",1,0,0,0
"1602",1602,"NA","NA",0,0,0,1
"1603",1603,"5","0to10",1,0,0,0
"1604",1604,"2","0to10",1,0,0,0
"1605",1605,"2","0to10",1,0,0,0
"1606",1606,"NA","NA",0,0,0,1
"1607",1607,"NA","NA",0,0,0,1
"1608",1608,"NA","NA",0,0,0,1
"1609",1609,"11","10to100",0,1,0,0
"1610",1610,"1","0to10",1,0,0,0
"1611",1611,"NA","NA",0,0,0,1
"1612",1612,"NA","NA",0,0,0,1
"1613",1613,"NA","NA",0,0,0,1
"1614",1614,"NA","NA",0,0,0,1
"1615",1615,"71","10to100",0,1,0,0
"1616",1616,"12","10to100",0,1,0,0
"1617",1617,"1","0to10",1,0,0,0
"1618",1618,"94","10to100",0,1,0,0
"1619",1619,"NA","NA",0,0,0,1
"1620",1620,"0","0to10",1,0,0,0
"1621",1621,"NA","NA",0,0,0,1
"1622",1622,"1","0to10",1,0,0,0
"1623",1623,"NA","NA",0,0,0,1
"1624",1624,"2","0to10",1,0,0,0
"1625",1625,"1","0to10",1,0,0,0
"1626",1626,"NA","NA",0,0,0,1
"1627",1627,"NA","NA",0,0,0,1
"1628",1628,"3","0to10",1,0,0,0
"1629",1629,"2","0to10",1,0,0,0
"1630",1630,"3","0to10",1,0,0,0
"1631",1631,"NA","NA",0,0,0,1
"1632",1632,"3,651","NA",0,0,0,1
"1633",1633,"NA","NA",0,0,0,1
"1634",1634,"NA","NA",0,0,0,1
"1635",1635,"4","0to10",1,0,0,0
"1636",1636,"NA","NA",0,0,0,1
"1637",1637,"3","0to10",1,0,0,0
"1638",1638,"NA","NA",0,0,0,1
"1639",1639,"NA","NA",0,0,0,1
"1640",1640,"NA","NA",0,0,0,1
"1641",1641,"NA","NA",0,0,0,1
"1642",1642,"NA","NA",0,0,0,1
"1643",1643,"7","0to10",1,0,0,0
"1644",1644,"9","0to10",1,0,0,0
"1645",1645,"NA","NA",0,0,0,1
"1646",1646,"NA","NA",0,0,0,1
"1647",1647,"3","0to10",1,0,0,0
"1648",1648,"NA","NA",0,0,0,1
"1649",1649,"1","0to10",1,0,0,0
"1650",1650,"4","0to10",1,0,0,0
"1651",1651,"3","0to10",1,0,0,0
"1652",1652,"2","0to10",1,0,0,0
"1653",1653,"NA","NA",0,0,0,1
"1654",1654,"NA","NA",0,0,0,1
"1655",1655,"NA","NA",0,0,0,1
"1656",1656,"NA","NA",0,0,0,1
"1657",1657,"NA","NA",0,0,0,1
"1658",1658,"NA","NA",0,0,0,1
"1659",1659,"2","0to10",1,0,0,0
"1660",1660,"8","0to10",1,0,0,0
"1661",1661,"46","10to100",0,1,0,0
"1662",1662,"0","0to10",1,0,0,0
"1663",1663,"NA","NA",0,0,0,1
"1664",1664,"5","0to10",1,0,0,0
"1665",1665,"0","0to10",1,0,0,0
"1666",1666,"NA","NA",0,0,0,1
"1667",1667,"44","10to100",0,1,0,0
"1668",1668,"NA","NA",0,0,0,1
"1669",1669,"NA","NA",0,0,0,1
"1670",1670,"1","0to10",1,0,0,0
"1671",1671,"0","0to10",1,0,0,0
"1672",1672,"10","0to10",1,0,0,0
"1673",1673,"2","0to10",1,0,0,0
"1674",1674,"1","0to10",1,0,0,0
"1675",1675,"NA","NA",0,0,0,1
"1676",1676,"NA","NA",0,0,0,1
"1677",1677,"NA","NA",0,0,0,1
"1678",1678,"NA","NA",0,0,0,1
"1679",1679,"NA","NA",0,0,0,1
"1680",1680,"NA","NA",0,0,0,1
"1681",1681,"4","0to10",1,0,0,0
"1682",1682,"NA","NA",0,0,0,1
"1683",1683,"NA","NA",0,0,0,1
"1684",1684,"NA","NA",0,0,0,1
"1685",1685,"1","0to10",1,0,0,0
"1686",1686,"NA","NA",0,0,0,1
"1687",1687,"NA","NA",0,0,0,1
"1688",1688,"46","10to100",0,1,0,0
"1689",1689,"8","0to10",1,0,0,0
"1690",1690,"NA","NA",0,0,0,1
"1691",1691,"1","0to10",1,0,0,0
"1692",1692,"NA","NA",0,0,0,1
"1693",1693,"NA","NA",0,0,0,1
"1694",1694,"NA","NA",0,0,0,1
"1695",1695,"1","0to10",1,0,0,0
"1696",1696,"NA","NA",0,0,0,1
"1697",1697,"NA","NA",0,0,0,1
"1698",1698,"NA","NA",0,0,0,1
"1699",1699,"NA","NA",0,0,0,1
"1700",1700,"42","10to100",0,1,0,0
"1701",1701,"NA","NA",0,0,0,1
"1702",1702,"NA","NA",0,0,0,1
"1703",1703,"NA","NA",0,0,0,1
"1704",1704,"NA","NA",0,0,0,1
"1705",1705,"NA","NA",0,0,0,1
"1706",1706,"NA","NA",0,0,0,1
"1707",1707,"11","10to100",0,1,0,0
"1708",1708,"0","0to10",1,0,0,0
"1709",1709,"NA","NA",0,0,0,1
"1710",1710,"NA","NA",0,0,0,1
"1711",1711,"NA","NA",0,0,0,1
"1712",1712,"NA","NA",0,0,0,1
"1713",1713,"NA","NA",0,0,0,1
"1714",1714,"4","0to10",1,0,0,0
"1715",1715,"11","10to100",0,1,0,0
"1716",1716,"NA","NA",0,0,0,1
"1717",1717,"NA","NA",0,0,0,1
"1718",1718,"NA","NA",0,0,0,1
"1719",1719,"1","0to10",1,0,0,0
"1720",1720,"2","0to10",1,0,0,0
"1721",1721,"1","0to10",1,0,0,0
"1722",1722,"2","0to10",1,0,0,0
"1723",1723,"2","0to10",1,0,0,0
"1724",1724,"NA","NA",0,0,0,1
"1725",1725,"1","0to10",1,0,0,0
"1726",1726,"NA","NA",0,0,0,1
"1727",1727,"1","0to10",1,0,0,0
"1728",1728,"4","0to10",1,0,0,0
"1729",1729,"1","0to10",1,0,0,0
"1730",1730,"NA","NA",0,0,0,1
"1731",1731,"1","0to10",1,0,0,0
"1732",1732,"NA","NA",0,0,0,1
"1733",1733,"NA","NA",0,0,0,1
"1734",1734,"NA","NA",0,0,0,1
"1735",1735,"NA","NA",0,0,0,1
"1736",1736,"NA","NA",0,0,0,1
"1737",1737,"NA","NA",0,0,0,1
"1738",1738,"1","0to10",1,0,0,0
"1739",1739,"3","0to10",1,0,0,0
"1740",1740,"NA","NA",0,0,0,1
"1741",1741,"NA","NA",0,0,0,1
"1742",1742,"NA","NA",0,0,0,1
"1743",1743,"1","0to10",1,0,0,0
"1744",1744,"4","0to10",1,0,0,0
"1745",1745,"15","10to100",0,1,0,0
"1746",1746,"53","10to100",0,1,0,0
"1747",1747,"NA","NA",0,0,0,1
"1748",1748,"NA","NA",0,0,0,1
"1749",1749,"7","0to10",1,0,0,0
"1750",1750,"4","0to10",1,0,0,0
"1751",1751,"NA","NA",0,0,0,1
"1752",1752,"6","0to10",1,0,0,0
"1753",1753,"NA","NA",0,0,0,1
"1754",1754,"NA","NA",0,0,0,1
"1755",1755,"3","0to10",1,0,0,0
"1756",1756,"NA","NA",0,0,0,1
"1757",1757,"NA","NA",0,0,0,1
"1758",1758,"12","10to100",0,1,0,0
"1759",1759,"NA","NA",0,0,0,1
"1760",1760,"NA","NA",0,0,0,1
"1761",1761,"0","0to10",1,0,0,0
"1762",1762,"158","100+",0,0,1,0
"1763",1763,"NA","NA",0,0,0,1
"1764",1764,"1","0to10",1,0,0,0
"1765",1765,"3","0to10",1,0,0,0
"1766",1766,"NA","NA",0,0,0,1
"1767",1767,"NA","NA",0,0,0,1
"1768",1768,"2","0to10",1,0,0,0
"1769",1769,"NA","NA",0,0,0,1
"1770",1770,"NA","NA",0,0,0,1
"1771",1771,"1","0to10",1,0,0,0
"1772",1772,"1","0to10",1,0,0,0
"1773",1773,"2","0to10",1,0,0,0
"1774",1774,"NA","NA",0,0,0,1
"1775",1775,"20","10to100",0,1,0,0
"1776",1776,"1","0to10",1,0,0,0
"1777",1777,"1","0to10",1,0,0,0
"1778",1778,"1","0to10",1,0,0,0
"1779",1779,"NA","NA",0,0,0,1
"1780",1780,"NA","NA",0,0,0,1
"1781",1781,"0","0to10",1,0,0,0
"1782",1782,"NA","NA",0,0,0,1
"1783",1783,"4","0to10",1,0,0,0
"1784",1784,"25","10to100",0,1,0,0
"1785",1785,"3","0to10",1,0,0,0
"1786",1786,"NA","NA",0,0,0,1
"1787",1787,"NA","NA",0,0,0,1
"1788",1788,"NA","NA",0,0,0,1
"1789",1789,"NA","NA",0,0,0,1
"1790",1790,"3","0to10",1,0,0,0
"1791",1791,"1","0to10",1,0,0,0
"1792",1792,"NA","NA",0,0,0,1
"1793",1793,"NA","NA",0,0,0,1
"1794",1794,"4","0to10",1,0,0,0
"1795",1795,"7","0to10",1,0,0,0
"1796",1796,"3","0to10",1,0,0,0
"1797",1797,"5","0to10",1,0,0,0
"1798",1798,"1","0to10",1,0,0,0
"1799",1799,"NA","NA",0,0,0,1
"1800",1800,"NA","NA",0,0,0,1
"1801",1801,"0","0to10",1,0,0,0
"1802",1802,"1","0to10",1,0,0,0
"1803",1803,"NA","NA",0,0,0,1
"1804",1804,"2","0to10",1,0,0,0
"1805",1805,"NA","NA",0,0,0,1
"1806",1806,"0","0to10",1,0,0,0
"1807",1807,"NA","NA",0,0,0,1
"1808",1808,"NA","NA",0,0,0,1
"1809",1809,"NA","NA",0,0,0,1
"1810",1810,"NA","NA",0,0,0,1
"1811",1811,"NA","NA",0,0,0,1
"1812",1812,"3","0to10",1,0,0,0
"1813",1813,"NA","NA",0,0,0,1
"1814",1814,"NA","NA",0,0,0,1
"1815",1815,"1","0to10",1,0,0,0
"1816",1816,"3","0to10",1,0,0,0
"1817",1817,"13","10to100",0,1,0,0
"1818",1818,"390","100+",0,0,1,0
"1819",1819,"NA","NA",0,0,0,1
"1820",1820,"1","0to10",1,0,0,0
"1821",1821,"9","0to10",1,0,0,0
"1822",1822,"0","0to10",1,0,0,0
"1823",1823,"NA","NA",0,0,0,1
"1824",1824,"NA","NA",0,0,0,1
"1825",1825,"4","0to10",1,0,0,0
"1826",1826,"5","0to10",1,0,0,0
"1827",1827,"NA","NA",0,0,0,1
"1828",1828,"NA","NA",0,0,0,1
"1829",1829,"NA","NA",0,0,0,1
"1830",1830,"1","0to10",1,0,0,0
"1831",1831,"4","0to10",1,0,0,0
"1832",1832,"NA","NA",0,0,0,1
"1833",1833,"2","0to10",1,0,0,0
"1834",1834,"10","0to10",1,0,0,0
"1835",1835,"NA","NA",0,0,0,1
"1836",1836,"NA","NA",0,0,0,1
"1837",1837,"4","0to10",1,0,0,0
"1838",1838,"NA","NA",0,0,0,1
"1839",1839,"NA","NA",0,0,0,1
"1840",1840,"1","0to10",1,0,0,0
"1841",1841,"4","0to10",1,0,0,0
"1842",1842,"NA","NA",0,0,0,1
"1843",1843,"97","10to100",0,1,0,0
"1844",1844,"NA","NA",0,0,0,1
"1845",1845,"NA","NA",0,0,0,1
"1846",1846,"5","0to10",1,0,0,0
"1847",1847,"46","10to100",0,1,0,0
"1848",1848,"NA","NA",0,0,0,1
"1849",1849,"6","0to10",1,0,0,0
"1850",1850,"NA","NA",0,0,0,1
"1851",1851,"7","0to10",1,0,0,0
"1852",1852,"NA","NA",0,0,0,1
"1853",1853,"2","0to10",1,0,0,0
"1854",1854,"1","0to10",1,0,0,0
"1855",1855,"1","0to10",1,0,0,0
"1856",1856,"2","0to10",1,0,0,0
"1857",1857,"1","0to10",1,0,0,0
"1858",1858,"1","0to10",1,0,0,0
"1859",1859,"NA","NA",0,0,0,1
"1860",1860,"NA","NA",0,0,0,1
"1861",1861,"NA","NA",0,0,0,1
"1862",1862,"NA","NA",0,0,0,1
"1863",1863,"1","0to10",1,0,0,0
"1864",1864,"3","0to10",1,0,0,0
"1865",1865,"1","0to10",1,0,0,0
"1866",1866,"NA","NA",0,0,0,1
"1867",1867,"NA","NA",0,0,0,1
"1868",1868,"NA","NA",0,0,0,1
"1869",1869,"NA","NA",0,0,0,1
"1870",1870,"1","0to10",1,0,0,0
"1871",1871,"11","10to100",0,1,0,0
"1872",1872,"NA","NA",0,0,0,1
"1873",1873,"NA","NA",0,0,0,1
"1874",1874,"NA","NA",0,0,0,1
"1875",1875,"NA","NA",0,0,0,1
"1876",1876,"NA","NA",0,0,0,1
"1877",1877,"NA","NA",0,0,0,1
"1878",1878,"6","0to10",1,0,0,0
"1879",1879,"NA","NA",0,0,0,1
"1880",1880,"2","0to10",1,0,0,0
"1881",1881,"2","0to10",1,0,0,0
"1882",1882,"NA","NA",0,0,0,1
"1883",1883,"4","0to10",1,0,0,0
"1884",1884,"2","0to10",1,0,0,0
"1885",1885,"NA","NA",0,0,0,1
"1886",1886,"NA","NA",0,0,0,1
"1887",1887,"23","10to100",0,1,0,0
"1888",1888,"NA","NA",0,0,0,1
"1889",1889,"NA","NA",0,0,0,1
"1890",1890,"NA","NA",0,0,0,1
"1891",1891,"NA","NA",0,0,0,1
"1892",1892,"NA","NA",0,0,0,1
"1893",1893,"NA","NA",0,0,0,1
"1894",1894,"4","0to10",1,0,0,0
"1895",1895,"NA","NA",0,0,0,1
"1896",1896,"NA","NA",0,0,0,1
"1897",1897,"1","0to10",1,0,0,0
"1898",1898,"6","0to10",1,0,0,0
"1899",1899,"10","0to10",1,0,0,0
"1900",1900,"2","0to10",1,0,0,0
"1901",1901,"4","0to10",1,0,0,0
"1902",1902,"NA","NA",0,0,0,1
"1903",1903,"NA","NA",0,0,0,1
"1904",1904,"NA","NA",0,0,0,1
"1905",1905,"NA","NA",0,0,0,1
"1906",1906,"1","0to10",1,0,0,0
"1907",1907,"NA","NA",0,0,0,1
"1908",1908,"NA","NA",0,0,0,1
"1909",1909,"2","0to10",1,0,0,0
"1910",1910,"NA","NA",0,0,0,1
"1911",1911,"11","10to100",0,1,0,0
"1912",1912,"NA","NA",0,0,0,1
"1913",1913,"6","0to10",1,0,0,0
"1914",1914,"NA","NA",0,0,0,1
"1915",1915,"5","0to10",1,0,0,0
"1916",1916,"NA","NA",0,0,0,1
"1917",1917,"9","0to10",1,0,0,0
"1918",1918,"3","0to10",1,0,0,0
"1919",1919,"1","0to10",1,0,0,0
"1920",1920,"NA","NA",0,0,0,1
"1921",1921,"0","0to10",1,0,0,0
"1922",1922,"1","0to10",1,0,0,0
"1923",1923,"1","0to10",1,0,0,0
"1924",1924,"2","0to10",1,0,0,0
"1925",1925,"8","0to10",1,0,0,0
"1926",1926,"NA","NA",0,0,0,1
"1927",1927,"1","0to10",1,0,0,0
"1928",1928,"NA","NA",0,0,0,1
"1929",1929,"2","0to10",1,0,0,0
"1930",1930,"NA","NA",0,0,0,1
"1931",1931,"NA","NA",0,0,0,1
"1932",1932,"NA","NA",0,0,0,1
"1933",1933,"NA","NA",0,0,0,1
"1934",1934,"0","0to10",1,0,0,0
"1935",1935,"NA","NA",0,0,0,1
"1936",1936,"NA","NA",0,0,0,1
"1937",1937,"NA","NA",0,0,0,1
"1938",1938,"7","0to10",1,0,0,0
"1939",1939,"2","0to10",1,0,0,0
"1940",1940,"NA","NA",0,0,0,1
"1941",1941,"NA","NA",0,0,0,1
"1942",1942,"NA","NA",0,0,0,1
"1943",1943,"1","0to10",1,0,0,0
"1944",1944,"NA","NA",0,0,0,1
"1945",1945,"2","0to10",1,0,0,0
"1946",1946,"6","0to10",1,0,0,0
"1947",1947,"2","0to10",1,0,0,0
"1948",1948,"NA","NA",0,0,0,1
"1949",1949,"NA","NA",0,0,0,1
"1950",1950,"0","0to10",1,0,0,0
"1951",1951,"NA","NA",0,0,0,1
"1952",1952,"NA","NA",0,0,0,1
"1953",1953,"1","0to10",1,0,0,0
"1954",1954,"1","0to10",1,0,0,0
"1955",1955,"NA","NA",0,0,0,1
"1956",1956,"NA","NA",0,0,0,1
"1957",1957,"1","0to10",1,0,0,0
"1958",1958,"3","0to10",1,0,0,0
"1959",1959,"144","100+",0,0,1,0
"1960",1960,"NA","NA",0,0,0,1
"1961",1961,"NA","NA",0,0,0,1
"1962",1962,"2","0to10",1,0,0,0
"1963",1963,"7","0to10",1,0,0,0
"1964",1964,"3","0to10",1,0,0,0
"1965",1965,"1","0to10",1,0,0,0
"1966",1966,"1","0to10",1,0,0,0
"1967",1967,"NA","NA",0,0,0,1
"1968",1968,"118","100+",0,0,1,0
"1969",1969,"22","10to100",0,1,0,0
"1970",1970,"0","0to10",1,0,0,0
"1971",1971,"NA","NA",0,0,0,1
"1972",1972,"NA","NA",0,0,0,1
"1973",1973,"12","10to100",0,1,0,0
"1974",1974,"NA","NA",0,0,0,1
"1975",1975,"NA","NA",0,0,0,1
"1976",1976,"0","0to10",1,0,0,0
"1977",1977,"NA","NA",0,0,0,1
"1978",1978,"2","0to10",1,0,0,0
"1979",1979,"NA","NA",0,0,0,1
"1980",1980,"NA","NA",0,0,0,1
"1981",1981,"NA","NA",0,0,0,1
"1982",1982,"1","0to10",1,0,0,0
"1983",1983,"NA","NA",0,0,0,1
"1984",1984,"1","0to10",1,0,0,0
"1985",1985,"NA","NA",0,0,0,1
"1986",1986,"NA","NA",0,0,0,1
"1987",1987,"3","0to10",1,0,0,0
"1988",1988,"NA","NA",0,0,0,1
"1989",1989,"3","0to10",1,0,0,0
"1990",1990,"NA","NA",0,0,0,1
"1991",1991,"NA","NA",0,0,0,1
"1992",1992,"18","10to100",0,1,0,0
"1993",1993,"1","0to10",1,0,0,0
"1994",1994,"2","0to10",1,0,0,0
"1995",1995,"76","10to100",0,1,0,0
"1996",1996,"1","0to10",1,0,0,0
"1997",1997,"1","0to10",1,0,0,0
"1998",1998,"4","0to10",1,0,0,0
"1999",1999,"1","0to10",1,0,0,0
"2000",2000,"NA","NA",0,0,0,1
